"deal_id","substage_name","first_timestamp","sales_deal_stream"
"98152","SDR: Entered Backlog","2026-01-27 09:22:51.000","Scraping"
"98475","SDR: Entered Backlog","2026-01-27 09:22:51.000","Scraping"
"98570","SDR: Entered Backlog","2026-01-27 09:22:51.000","Scraping"
"98575","SDR: Entered Backlog","2026-01-27 09:22:51.000","Scraping"
"98591","SDR: Entered Backlog","2026-01-27 09:22:51.000","Scraping"
"98609","SDR: Entered Backlog","2026-01-27 09:22:50.000","Scraping"
"98620","SDR: Entered Backlog","2026-01-27 09:22:51.000","Scraping"
"98640","SDR: Entered Backlog","2026-01-27 09:22:51.000","Scraping"
"98641","SDR: Entered Backlog","2026-01-27 09:22:52.000","Scraping"
"98659","SDR: Entered Backlog","2026-01-27 09:22:52.000","Scraping"
"98661","SDR: Entered Backlog","2026-01-27 09:22:52.000","Scraping"
"98663","SDR: Entered Backlog","2026-01-27 09:22:52.000","Scraping"
"98672","SDR: Entered Backlog","2026-01-27 09:22:52.000","Scraping"
"98678","SDR: Entered Backlog","2026-01-27 09:22:52.000","Scraping"
"98679","SDR: Entered Backlog","2026-01-27 09:22:52.000","Scraping"
"98681","SDR: Entered Backlog","2026-01-27 09:22:52.000","Scraping"
"98682","SDR: Entered Backlog","2026-01-27 09:22:52.000","Scraping"
"98684","SDR: Entered Backlog","2026-01-27 09:22:52.000","Scraping"
"98689","SDR: Entered Backlog","2026-01-27 09:22:52.000","Scraping"
"98692","SDR: Entered Backlog","2026-01-27 09:22:52.000","Scraping"
"98692","SM: Entered Lead Pool","2026-02-05 09:54:53.000","Scraping"
"98692","SM: Intro Call Scheduled","2026-02-09 09:01:40.000","Scraping"
"98692","SM: Intro Call Conducted","2026-02-09 09:10:36.000","Scraping"
"98696","SDR: Entered Backlog","2026-01-27 09:22:52.000","Scraping"
"98697","SDR: Entered Backlog","2026-01-27 09:22:52.000","Scraping"
"98710","SDR: Entered Backlog","2026-01-27 09:22:52.000","Scraping"
"98715","SDR: Entered Backlog","2026-01-27 09:22:52.000","Scraping"
"98721","SDR: Entered Backlog","2026-01-27 09:22:52.000","Scraping"
"98831","SDR: Entered Backlog","2026-01-27 09:22:52.000","Scraping"
"98833","SDR: Entered Backlog","2026-01-27 09:22:52.000","Scraping"
"98835","SDR: Entered Backlog","2026-01-27 09:22:51.000","Scraping"
"98837","SDR: Entered Backlog","2026-01-27 09:22:51.000","Scraping"
"99554","SDR: Entered Backlog","2026-01-27 09:22:52.000","M&A"
"99715","SDR: Entered Backlog","2026-01-27 09:22:52.000","Scraping"
"99716","SDR: Entered Backlog","2026-01-27 09:22:52.000","Scraping"
"99717","SDR: Entered Backlog","2026-01-27 09:22:52.000","Scraping"
"99718","SDR: Entered Backlog","2026-01-27 09:22:52.000","Scraping"
"99719","SDR: Entered Backlog","2026-01-27 09:22:52.000","Scraping"
"99722","SDR: Entered Backlog","2026-01-27 09:22:51.000","Scraping"
"99724","SDR: Entered Backlog","2026-01-27 09:22:52.000","Scraping"
"99734","SDR: Entered Backlog","2026-01-27 09:22:51.000","Scraping"
"99736","SDR: Entered Backlog","2026-01-27 09:22:51.000","Scraping"
"99737","SDR: Entered Backlog","2026-01-27 09:22:52.000","Scraping"
"99738","SDR: Entered Backlog","2026-01-27 09:22:52.000","Scraping"
"99740","SDR: Entered Backlog","2026-01-27 09:22:51.000","Scraping"
"99741","SDR: Entered Backlog","2026-01-27 09:22:52.000","Scraping"
"99744","SDR: Entered Backlog","2026-01-27 09:22:52.000","Scraping"
"100017","SDR: Entered Backlog","2026-01-27 09:22:51.000","Scraping"
"100018","SDR: Entered Backlog","2026-01-27 09:22:51.000","Scraping"
"100022","SDR: Entered Backlog","2026-01-27 09:22:51.000","Scraping"
"100026","SDR: Entered Backlog","2026-01-27 09:22:51.000","Scraping"
"100027","SDR: Entered Backlog","2026-01-27 09:22:51.000","Scraping"
"100028","SDR: Entered Backlog","2026-01-27 09:22:51.000","Scraping"
"100034","SDR: Entered Backlog","2026-01-27 09:22:52.000","Scraping"
"100037","SDR: Entered Backlog","2026-01-27 09:22:51.000","Scraping"
"100040","SDR: Entered Backlog","2026-01-27 09:22:52.000","Scraping"
"100041","SDR: Entered Backlog","2026-01-27 09:22:51.000","Scraping"
"100503","SDR: Entered Backlog","2026-01-27 09:22:51.000","Scraping"
"100509","SDR: Entered Backlog","2026-01-27 09:22:51.000","Scraping"
"100510","SDR: Entered Backlog","2026-01-27 09:22:51.000","Scraping"
"100511","SDR: Entered Backlog","2026-01-27 09:22:51.000","Scraping"
"100514","SDR: Entered Backlog","2026-01-27 09:22:51.000","Scraping"
"100516","SDR: Entered Backlog","2026-01-27 09:22:51.000","Scraping"
"100531","SDR: Entered Backlog","2026-01-27 09:22:51.000","Scraping"
"100867","SDR: Entered Backlog","2026-01-27 09:22:51.000","Scraping"
"100868","SDR: Entered Backlog","2026-01-27 09:22:51.000","Scraping"
"100869","SDR: Entered Backlog","2026-01-27 09:22:51.000","Scraping"
"100870","SDR: Entered Backlog","2026-01-27 09:22:51.000","Scraping"
"100872","SDR: Entered Backlog","2026-01-27 09:22:51.000","Scraping"
"100874","SDR: Entered Backlog","2026-01-27 09:22:51.000","Scraping"
"100876","SDR: Entered Backlog","2026-01-27 09:22:51.000","Scraping"
"100877","SDR: Entered Backlog","2026-01-27 09:22:51.000","Scraping"
"100878","SDR: Entered Backlog","2026-01-27 09:22:51.000","Scraping"
"100879","SDR: Entered Backlog","2026-01-27 09:22:51.000","Scraping"
"100885","SDR: Entered Backlog","2026-01-27 09:22:51.000","Scraping"
"100886","SDR: Entered Backlog","2026-01-27 09:22:51.000","Scraping"
"100888","SDR: Entered Backlog","2026-01-27 09:22:51.000","Scraping"
"100889","SDR: Entered Backlog","2026-01-27 09:22:51.000","Scraping"
"169163","SM: Entered Lead Pool","2026-01-26 08:23:17.000","Scraping"
"169163","SM: Intro Call Scheduled","2026-01-29 12:34:17.000","Scraping"
"169163","SM: Intro Call Conducted","2026-02-04 12:29:13.000","Scraping"
"172606","SM: Intro Call Scheduled","2026-01-26 15:55:27.000","Scraping"
"172606","SM: Intro Call Conducted","2026-01-26 15:55:49.000","Scraping"
"280401","SM: Entered Lead Pool","2026-01-27 08:51:56.000","Scraping"
"280401","SM: Intro Call Scheduled","2026-01-29 15:53:23.000","Scraping"
"280401","SM: Intro Call Conducted","2026-02-04 14:57:27.000","Scraping"
"280401","SM: Meeting Scheduled","2026-02-04 14:57:39.000","Scraping"
"280415","SM: Entered Lead Pool","2026-01-27 08:51:56.000","Scraping"
"280415","SM: Intro Call Scheduled","2026-02-20 17:09:27.000","Scraping"
"280415","SM: Intro Call Conducted","2026-02-26 10:33:08.000","Scraping"
"280415","SM: Meeting Scheduled","2026-02-26 10:33:19.000","Scraping"
"280426","SM: Entered Lead Pool","2026-01-27 08:51:56.000","Scraping"
"280426","SM: Meeting Scheduled","2026-03-11 10:49:40.000","Scraping"
"280427","SM: Entered Lead Pool","2026-01-27 08:51:56.000","Scraping"
"280427","SM: Intro Call Scheduled","2026-01-30 15:51:29.000","Scraping"
"280427","SM: Intro Call Conducted","2026-01-30 15:59:09.000","Scraping"
"280427","SM: Meeting Scheduled","2026-01-30 15:59:29.000","Scraping"
"280430","SM: Entered Lead Pool","2026-01-27 08:51:56.000","Scraping"
"280430","SM: Intro Call Scheduled","2026-02-20 17:05:34.000","Scraping"
"280430","SM: Intro Call Conducted","2026-02-20 17:08:05.000","Scraping"
"280438","SM: Entered Lead Pool","2026-01-27 08:51:56.000","Scraping"
"280438","SM: Intro Call Scheduled","2026-01-29 15:46:27.000","Scraping"
"280439","SM: Entered Lead Pool","2026-01-27 08:51:56.000","Scraping"
"280439","SM: Intro Call Scheduled","2026-01-30 16:02:59.000","Scraping"
"280439","SM: Intro Call Conducted","2026-01-30 16:03:08.000","Scraping"
"280439","SM: Meeting Scheduled","2026-01-30 16:03:20.000","Scraping"
"280443","SM: Entered Lead Pool","2026-01-27 08:51:56.000","Scraping"
"280443","SM: Intro Call Scheduled","2026-02-20 17:10:13.000","Scraping"
"280443","SM: Intro Call Conducted","2026-02-20 17:10:18.000","Scraping"
"280443","SM: Meeting Scheduled","2026-02-20 17:10:36.000","Scraping"
"280447","SM: Entered Lead Pool","2026-01-27 08:51:56.000","Scraping"
"280447","SM: Intro Call Scheduled","2026-02-20 17:08:55.000","Scraping"
"280447","SM: Intro Call Conducted","2026-02-24 16:12:57.000","Scraping"
"280447","SM: Meeting Scheduled","2026-02-24 16:13:40.000","Scraping"
"280453","SM: Entered Lead Pool","2026-01-27 08:51:56.000","Scraping"
"280458","SM: Entered Lead Pool","2026-01-27 08:51:56.000","Scraping"
"280458","SM: Intro Call Conducted","2026-03-11 10:56:42.000","Scraping"
"280463","SM: Entered Lead Pool","2026-01-27 08:51:56.000","Scraping"
"280463","SM: Intro Call Scheduled","2026-01-29 16:02:02.000","Scraping"
"280463","SM: Intro Call Conducted","2026-01-29 16:04:10.000","Scraping"
"280463","SM: Meeting Scheduled","2026-01-29 16:04:30.000","Scraping"
"280464","SM: Entered Lead Pool","2026-01-27 08:51:56.000","Scraping"
"280464","SM: Intro Call Conducted","2026-03-11 10:58:30.000","Scraping"
"280467","SM: Entered Lead Pool","2026-01-27 08:51:56.000","Scraping"
"280467","SM: Intro Call Scheduled","2026-02-24 15:27:39.000","Scraping"
"280467","SM: Intro Call Conducted","2026-02-24 15:27:52.000","Scraping"
"280481","SM: Entered Lead Pool","2026-01-27 08:51:56.000","Scraping"
"280481","SM: Intro Call Scheduled","2026-03-18 16:24:28.000","Scraping"
"280481","SM: Intro Call Conducted","2026-03-18 16:24:42.000","Scraping"
"280481","SM: Meeting Scheduled","2026-03-18 16:24:46.000","Scraping"
"280485","SM: Entered Lead Pool","2026-01-27 08:51:56.000","Scraping"
"280485","SM: Intro Call Scheduled","2026-02-24 15:35:44.000","Scraping"
"280485","SM: Intro Call Conducted","2026-02-24 15:39:43.000","Scraping"
"280485","SM: Meeting Scheduled","2026-02-24 15:40:36.000","Scraping"
"280495","SM: Entered Lead Pool","2026-01-27 08:51:56.000","Scraping"
"280495","SM: Meeting Scheduled","2026-03-11 15:15:09.000","Scraping"
"280496","SM: Entered Lead Pool","2026-01-27 08:51:56.000","Scraping"
"280496","SM: Intro Call Scheduled","2026-03-11 11:05:24.000","Scraping"
"280496","SM: Intro Call Conducted","2026-03-11 11:05:30.000","Scraping"
"280496","SM: Meeting Scheduled","2026-03-11 11:05:42.000","Scraping"
"280502","SM: Entered Lead Pool","2026-01-27 08:51:56.000","Scraping"
"280502","SM: Intro Call Scheduled","2026-02-24 16:25:38.000","Scraping"
"280502","SM: Intro Call Conducted","2026-02-24 16:25:47.000","Scraping"
"280504","SM: Entered Lead Pool","2026-01-27 08:51:56.000","Scraping"
"280504","SM: Intro Call Scheduled","2026-02-24 16:19:16.000","Scraping"
"280504","SM: Meeting Scheduled","2026-03-12 16:29:37.000","Scraping"
"280505","SM: Entered Lead Pool","2026-01-27 08:54:41.000","Scraping"
"280505","SM: Intro Call Scheduled","2026-03-11 15:39:12.000","Scraping"
"280505","SM: Intro Call Conducted","2026-03-11 15:39:24.000","Scraping"
"280508","SM: Entered Lead Pool","2026-01-27 08:54:41.000","Scraping"
"280508","SM: Intro Call Conducted","2026-03-11 15:32:52.000","Scraping"
"280510","SM: Entered Lead Pool","2026-01-27 08:54:41.000","Scraping"
"280514","SM: Entered Lead Pool","2026-01-27 08:54:41.000","Scraping"
"280514","SM: Intro Call Scheduled","2026-02-18 18:04:59.000","Scraping"
"280514","SM: Intro Call Conducted","2026-02-18 18:06:01.000","Scraping"
"280537","SM: Entered Lead Pool","2026-01-27 08:54:41.000","Scraping"
"280537","SM: Intro Call Scheduled","2026-02-24 16:20:18.000","Scraping"
"280537","SM: Intro Call Conducted","2026-02-24 16:20:34.000","Scraping"
"280541","SM: Entered Lead Pool","2026-01-27 08:54:41.000","Scraping"
"280541","SM: Intro Call Scheduled","2026-02-20 17:04:20.000","Scraping"
"280541","SM: Intro Call Conducted","2026-02-20 17:04:29.000","Scraping"
"280575","SM: Entered Lead Pool","2026-01-27 08:54:41.000","Scraping"
"280575","SM: Intro Call Scheduled","2026-02-24 15:33:05.000","Scraping"
"280575","SM: Intro Call Conducted","2026-02-24 15:33:19.000","Scraping"
"280583","SM: Entered Lead Pool","2026-01-27 08:54:41.000","Scraping"
"280583","SM: Intro Call Conducted","2026-02-20 17:00:22.000","Scraping"
"280590","SM: Entered Lead Pool","2026-01-27 08:54:41.000","Scraping"
"280590","SM: Intro Call Scheduled","2026-02-18 17:55:18.000","Scraping"
"280590","SM: Intro Call Conducted","2026-02-18 18:00:30.000","Scraping"
"280590","SM: Meeting Scheduled","2026-02-18 18:00:40.000","Scraping"
"280622","SM: Entered Lead Pool","2026-01-27 08:54:41.000","Scraping"
"280622","SM: Intro Call Scheduled","2026-01-30 16:06:04.000","Scraping"
"280622","SM: Intro Call Conducted","2026-01-30 16:06:17.000","Scraping"
"280659","SM: Entered Lead Pool","2026-01-27 08:54:41.000","Scraping"
"280659","SM: Intro Call Scheduled","2026-02-18 17:52:05.000","Scraping"
"280659","SM: Intro Call Conducted","2026-02-18 17:52:14.000","Scraping"
"280662","SM: Entered Lead Pool","2026-01-27 08:54:41.000","Scraping"
"280703","SM: Entered Lead Pool","2026-01-27 08:54:41.000","Scraping"
"280703","SM: Intro Call Scheduled","2026-02-18 17:48:55.000","Scraping"
"280703","SM: Intro Call Conducted","2026-02-18 17:49:07.000","Scraping"
"280704","SM: Entered Lead Pool","2026-01-27 08:54:41.000","Scraping"
"280704","SM: Intro Call Scheduled","2026-03-25 16:53:44.000","Scraping"
"280704","SM: Intro Call Conducted","2026-03-25 16:53:52.000","Scraping"
"280704","SM: Meeting Scheduled","2026-03-25 16:54:29.000","Scraping"
"280705","SM: Entered Lead Pool","2026-01-27 08:54:41.000","Scraping"
"280705","SM: Intro Call Scheduled","2026-03-11 15:35:16.000","Scraping"
"280705","SM: Intro Call Conducted","2026-03-11 15:35:24.000","Scraping"
"280707","SM: Entered Lead Pool","2026-01-27 08:54:41.000","Scraping"
"280707","SM: Intro Call Scheduled","2026-02-04 15:57:11.000","Scraping"
"280707","SM: Intro Call Conducted","2026-02-04 15:57:19.000","Scraping"
"280709","SM: Entered Lead Pool","2026-01-27 08:54:41.000","Scraping"
"280710","SM: Entered Lead Pool","2026-01-27 08:54:41.000","Scraping"
"280710","SM: Intro Call Scheduled","2026-02-04 15:55:12.000","Scraping"
"280711","SM: Entered Lead Pool","2026-01-27 08:54:41.000","Scraping"
"280711","SM: Intro Call Scheduled","2026-01-30 16:01:01.000","Scraping"
"280711","SM: Intro Call Conducted","2026-01-30 16:01:11.000","Scraping"
"280713","SM: Entered Lead Pool","2026-01-27 08:54:41.000","Scraping"
"280713","SM: Intro Call Scheduled","2026-02-04 15:02:21.000","Scraping"
"280713","SM: Intro Call Conducted","2026-02-04 15:02:55.000","Scraping"
"280713","SM: Meeting Scheduled","2026-02-04 15:03:10.000","Scraping"
"280715","SM: Entered Lead Pool","2026-01-27 08:54:41.000","Scraping"
"280715","SM: Intro Call Scheduled","2026-01-29 15:13:33.000","Scraping"
"280715","SM: Intro Call Conducted","2026-01-29 15:15:06.000","Scraping"
"280715","SM: Meeting Scheduled","2026-01-29 15:15:52.000","Scraping"
"280716","SM: Entered Lead Pool","2026-01-27 08:54:41.000","Scraping"
"280723","SM: Entered Lead Pool","2026-01-27 08:54:41.000","Scraping"
"280729","SM: Entered Lead Pool","2026-01-27 08:54:41.000","Scraping"
"314716","SM: Entered Lead Pool","2026-01-27 10:37:32.000","Scraping"
"314716","SM: Intro Call Scheduled","2026-01-27 10:37:59.000","Scraping"
"314716","SM: Intro Call Conducted","2026-01-28 10:19:54.000","Scraping"
"593893","SM: Entered Lead Pool","2026-01-27 10:44:33.000","Scraping"
"593893","SM: Intro Call Scheduled","2026-01-27 10:44:44.000","Scraping"
"593893","SM: Intro Call Conducted","2026-01-27 10:46:17.000","Scraping"
"719363","SDR: Entered Backlog","2026-01-27 16:49:04.000","Scraping"
"719363","SDR: Call Conducted","2026-01-27 16:49:09.000","Scraping"
"719363","SM: Entered Lead Pool","2026-01-29 10:36:11.000","Scraping"
"719363","SM: Intro Call Scheduled","2026-01-29 10:57:19.000","Scraping"
"719363","SM: Intro Call Conducted","2026-01-30 14:43:41.000","Scraping"
"719363","SM: Meeting Scheduled","2026-02-03 16:24:32.000","Scraping"
"719368","SDR: Entered Backlog","2026-01-27 16:42:51.000","Scraping"
"719368","SDR: Call Conducted","2026-01-27 16:42:55.000","Scraping"
"719381","SDR: Entered Backlog","2026-01-27 16:14:24.000","Scraping"
"719381","SDR: Call Conducted","2026-01-27 16:14:26.000","Scraping"
"719383","SDR: Entered Backlog","2026-01-27 16:11:02.000","Scraping"
"719383","SDR: Call Conducted","2026-01-27 16:11:10.000","Scraping"
"719386","SDR: Call Conducted","2026-01-27 16:10:09.000","Scraping"
"719389","SDR: Entered Backlog","2026-01-27 16:02:56.000","Scraping"
"719389","SDR: Call Conducted","2026-01-27 16:02:58.000","Scraping"
"1080545","SM: Entered Lead Pool","2026-01-27 14:29:03.000","Sales Team Activity"
"1080545","SM: Intro Call Scheduled","2026-01-27 14:29:25.000","Sales Team Activity"
"1080545","SM: Intro Call Conducted","2026-01-27 14:30:12.000","Sales Team Activity"
"1080545","SM: Meeting Scheduled","2026-01-27 14:31:14.000","Sales Team Activity"
"1197153","SDR: Entered Backlog","2026-01-27 19:55:31.000","M&A"
"1197153","SM: Entered Lead Pool","2026-01-29 14:10:33.000","M&A"
"1197153","SM: Intro Call Scheduled","2026-01-29 14:58:47.000","M&A"
"1197153","SM: Intro Call Conducted","2026-01-29 14:59:01.000","M&A"
"1197153","SM: Meeting Scheduled","2026-01-29 14:59:17.000","M&A"
"1197153","SM: Meeting Conducted","2026-01-29 14:59:30.000","M&A"
"1318188","SDR: Entered Backlog","2026-01-27 15:43:05.000","M&A"
"1318188","SM: Entered Lead Pool","2026-01-27 15:46:05.000","M&A"
"1318188","SM: Intro Call Scheduled","2026-01-27 15:56:29.000","M&A"
"1318188","SM: Intro Call Conducted","2026-02-05 15:14:14.000","M&A"
"1425153","SM: Intro Call Scheduled","2026-01-26 13:21:05.000","Scraping"
"1425153","SM: Intro Call Conducted","2026-01-26 13:25:35.000","Scraping"
"1425153","SM: Meeting Scheduled","2026-01-26 13:31:38.000","Scraping"
"1680172","SM: Entered Lead Pool","2026-01-27 09:05:07.000","Scraping"
"1680327","SM: Entered Lead Pool","2026-01-27 09:05:07.000","Scraping"
"1680327","SM: Intro Call Scheduled","2026-02-17 08:19:26.000","Scraping"
"1680327","SM: Intro Call Conducted","2026-02-17 08:20:38.000","Scraping"
"1680330","SM: Entered Lead Pool","2026-01-27 09:05:07.000","Scraping"
"1680330","SM: Intro Call Scheduled","2026-02-10 09:12:56.000","Scraping"
"1680330","SM: Intro Call Conducted","2026-02-10 09:13:34.000","Scraping"
"1680336","SM: Entered Lead Pool","2026-01-27 09:05:10.000","Scraping"
"1680336","SM: Intro Call Scheduled","2026-02-17 08:24:38.000","Scraping"
"1680336","SM: Intro Call Conducted","2026-02-17 08:28:30.000","Scraping"
"1680336","SM: Meeting Scheduled","2026-02-17 08:30:09.000","Scraping"
"1680343","SM: Entered Lead Pool","2026-01-27 09:05:07.000","Scraping"
"1680343","SM: Intro Call Scheduled","2026-02-17 08:30:57.000","Scraping"
"1680343","SM: Intro Call Conducted","2026-03-05 08:38:19.000","Scraping"
"1680357","SM: Entered Lead Pool","2026-01-27 09:05:12.000","Scraping"
"1680357","SM: Intro Call Scheduled","2026-02-18 09:08:25.000","Scraping"
"1680359","SM: Entered Lead Pool","2026-01-27 09:05:08.000","Scraping"
"1680359","SM: Intro Call Scheduled","2026-02-18 09:08:33.000","Scraping"
"1680359","SM: Intro Call Conducted","2026-02-25 09:03:44.000","Scraping"
"1680373","SM: Entered Lead Pool","2026-01-27 09:05:10.000","Scraping"
"1680373","SM: Intro Call Scheduled","2026-02-18 09:08:35.000","Scraping"
"1680376","SM: Entered Lead Pool","2026-01-27 09:05:07.000","Scraping"
"1680376","SM: Intro Call Scheduled","2026-02-17 08:33:58.000","Scraping"
"1680377","SM: Entered Lead Pool","2026-01-27 09:05:12.000","Scraping"
"1680377","SM: Intro Call Scheduled","2026-02-10 09:29:45.000","Scraping"
"1680377","SM: Intro Call Conducted","2026-02-10 09:32:02.000","Scraping"
"1680382","SM: Entered Lead Pool","2026-01-27 09:05:12.000","Scraping"
"1680382","SM: Intro Call Scheduled","2026-02-17 08:33:25.000","Scraping"
"1680384","SM: Entered Lead Pool","2026-01-27 09:05:11.000","Scraping"
"1680384","SM: Intro Call Scheduled","2026-02-17 08:34:34.000","Scraping"
"1680384","SM: Meeting Scheduled","2026-04-09 06:59:19.000","Scraping"
"1680463","SM: Entered Lead Pool","2026-01-27 09:05:11.000","Scraping"
"1680463","SM: Intro Call Scheduled","2026-02-10 09:35:57.000","Scraping"
"1680490","SM: Entered Lead Pool","2026-01-27 09:05:12.000","Scraping"
"1680490","SM: Intro Call Scheduled","2026-02-18 09:08:37.000","Scraping"
"1680495","SM: Entered Lead Pool","2026-01-27 09:05:09.000","Scraping"
"1680495","SM: Intro Call Scheduled","2026-02-17 08:37:51.000","Scraping"
"1680497","SM: Entered Lead Pool","2026-01-27 09:05:12.000","Scraping"
"1680497","SM: Intro Call Scheduled","2026-02-16 08:37:23.000","Scraping"
"1680497","SM: Intro Call Conducted","2026-02-16 08:38:23.000","Scraping"
"1680497","SM: Meeting Scheduled","2026-02-20 08:30:52.000","Scraping"
"1680501","SM: Entered Lead Pool","2026-01-27 09:05:11.000","Scraping"
"1680501","SM: Intro Call Scheduled","2026-02-10 09:40:17.000","Scraping"
"1680506","SM: Entered Lead Pool","2026-01-27 09:05:11.000","Scraping"
"1680506","SM: Intro Call Scheduled","2026-03-10 08:52:12.000","Scraping"
"1680506","SM: Intro Call Conducted","2026-03-11 12:19:50.000","Scraping"
"1680507","SM: Entered Lead Pool","2026-01-27 09:05:12.000","Scraping"
"1680507","SM: Intro Call Scheduled","2026-02-17 08:43:56.000","Scraping"
"1680511","SM: Entered Lead Pool","2026-01-27 09:05:11.000","Scraping"
"1680511","SM: Intro Call Scheduled","2026-02-24 08:54:25.000","Scraping"
"1680511","SM: Intro Call Conducted","2026-03-02 09:30:57.000","Scraping"
"1680515","SM: Entered Lead Pool","2026-01-27 09:05:10.000","Scraping"
"1680515","SM: Intro Call Scheduled","2026-02-24 08:55:18.000","Scraping"
"1680515","SM: Intro Call Conducted","2026-03-05 08:40:27.000","Scraping"
"1680543","SM: Entered Lead Pool","2026-01-27 09:05:10.000","Scraping"
"1680544","SM: Entered Lead Pool","2026-01-27 09:05:12.000","Scraping"
"1680545","SM: Entered Lead Pool","2026-01-27 09:05:12.000","Scraping"
"1680545","SM: Intro Call Scheduled","2026-03-10 08:52:16.000","Scraping"
"1680546","SM: Entered Lead Pool","2026-01-27 09:05:11.000","Scraping"
"1680546","SM: Intro Call Scheduled","2026-03-10 08:52:18.000","Scraping"
"1680546","SM: Intro Call Conducted","2026-03-11 12:22:55.000","Scraping"
"1680546","SM: Meeting Scheduled","2026-03-18 09:27:19.000","Scraping"
"1680567","SM: Entered Lead Pool","2026-01-27 09:05:10.000","Scraping"
"1680568","SM: Entered Lead Pool","2026-01-27 09:05:09.000","Scraping"
"1680572","SM: Entered Lead Pool","2026-01-27 09:05:09.000","Scraping"
"1680580","SM: Entered Lead Pool","2026-01-27 09:05:11.000","Scraping"
"1680589","SM: Entered Lead Pool","2026-01-27 09:05:08.000","Scraping"
"1680590","SM: Entered Lead Pool","2026-01-27 09:05:10.000","Scraping"
"1680590","SM: Intro Call Scheduled","2026-03-17 13:28:57.000","Scraping"
"1680591","SM: Entered Lead Pool","2026-01-27 09:05:09.000","Scraping"
"1680591","SM: Intro Call Scheduled","2026-03-17 13:28:51.000","Scraping"
"1680591","SM: Meeting Scheduled","2026-03-19 09:15:11.000","Scraping"
"1680596","SM: Entered Lead Pool","2026-01-27 09:05:10.000","Scraping"
"1680596","SM: Intro Call Scheduled","2026-02-24 08:56:36.000","Scraping"
"1680596","SM: Intro Call Conducted","2026-03-02 09:36:47.000","Scraping"
"1680597","SM: Entered Lead Pool","2026-01-27 09:05:08.000","Scraping"
"1680597","SM: Intro Call Scheduled","2026-03-17 13:28:47.000","Scraping"
"1680597","SM: Meeting Scheduled","2026-03-19 09:11:47.000","Scraping"
"1680609","SM: Entered Lead Pool","2026-01-27 09:05:08.000","Scraping"
"1680611","SM: Entered Lead Pool","2026-01-27 09:05:08.000","Scraping"
"1680613","SM: Entered Lead Pool","2026-01-27 09:05:09.000","Scraping"
"1680613","SM: Intro Call Scheduled","2026-03-05 09:45:22.000","Scraping"
"1680613","SM: Intro Call Conducted","2026-03-16 11:47:50.000","Scraping"
"1680614","SM: Entered Lead Pool","2026-01-27 09:05:09.000","Scraping"
"1680614","SM: Intro Call Scheduled","2026-03-05 09:44:27.000","Scraping"
"1680614","SM: Intro Call Conducted","2026-03-11 12:24:44.000","Scraping"
"1680615","SM: Entered Lead Pool","2026-01-27 09:05:10.000","Scraping"
"1680615","SM: Intro Call Scheduled","2026-03-05 09:43:43.000","Scraping"
"1680615","SM: Intro Call Conducted","2026-03-05 09:44:16.000","Scraping"
"1680615","SM: Meeting Scheduled","2026-03-05 11:54:03.000","Scraping"
"1695866","SDR: Entered Backlog","2026-01-26 16:29:05.000","M&A"
"1695866","SM: Entered Lead Pool","2026-02-04 10:34:30.000","M&A"
"1695866","SM: Intro Call Scheduled","2026-02-05 17:26:33.000","M&A"
"1695866","SM: Intro Call Conducted","2026-02-12 15:15:59.000","M&A"
"1695866","SM: Meeting Scheduled","2026-02-12 15:17:52.000","M&A"
"1695866","SM: Meeting Conducted","2026-02-12 15:18:05.000","M&A"
"1695866","SM: Contract Closed","2026-02-12 15:18:48.000","M&A"
"1695866","Onboarding started","2026-03-19 17:45:51.000","M&A"
"1695866","Property is Published","2026-03-19 17:38:00.200","M&A"
"1695866","First Booking","2026-03-29 00:00:00.000","M&A"
"1695866","Second Booking","2026-03-30 00:00:00.000","M&A"
"1695866","First Stay","2026-04-02 00:00:00.000","M&A"
"1697809","SDR: Entered Backlog","2026-01-26 14:58:33.000","M&A"
"1699702","SDR: Entered Backlog","2026-01-25 05:15:41.000","M&A"
"1700174","SDR: Entered Backlog","2026-01-26 18:01:50.000","M&A"
"1700783","SM: Entered Lead Pool","2026-01-26 07:45:47.000","M&A"
"1700783","SM: Intro Call Scheduled","2026-01-26 08:48:49.000","M&A"
"1700783","SM: Intro Call Conducted","2026-01-26 08:55:45.000","M&A"
"1700783","SM: Meeting Scheduled","2026-01-26 08:56:03.000","M&A"
"1700783","SM: Meeting Conducted","2026-01-26 09:00:30.000","M&A"
"1701227","SDR: Entered Backlog","2026-01-27 11:15:32.000","M&A"
"1701227","SM: Entered Lead Pool","2026-01-27 13:01:20.000","M&A"
"1701227","SM: Meeting Conducted","2026-01-28 08:42:37.000","M&A"
"1701227","SM: Contract Closed","2026-01-28 11:32:37.000","M&A"
"1701227","Onboarding started","2026-01-29 07:54:10.000","M&A"
"1701227","Property is Published","2026-02-06 10:59:54.733","M&A"
"1701227","First Booking","2026-02-25 00:00:00.000","M&A"
"1701621","SDR: Entered Backlog","2026-01-25 17:12:59.000","M&A"
"1701621","SM: Entered Lead Pool","2026-02-27 12:59:54.000","M&A"
"1701621","SM: Intro Call Scheduled","2026-03-03 16:47:20.000","M&A"
"1701621","SM: Intro Call Conducted","2026-03-04 08:18:49.000","M&A"
"1701621","SM: Meeting Scheduled","2026-03-04 08:19:06.000","M&A"
"1701621","SM: Meeting Conducted","2026-03-04 08:19:17.000","M&A"
"1701621","SM: Contract Closed","2026-03-06 13:51:01.000","M&A"
"1701621","Onboarding started","2026-03-10 08:05:49.000","M&A"
"1701621","Property is Published","2026-03-10 16:55:15.686","M&A"
"1701621","First Booking","2026-03-18 00:00:00.000","M&A"
"1701621","Second Booking","2026-03-18 00:00:00.000","M&A"
"1702814","SM: Entered Lead Pool","2026-01-27 11:09:52.000","M&A"
"1702814","SM: Intro Call Scheduled","2026-01-27 11:11:01.000","M&A"
"1702814","SM: Intro Call Conducted","2026-01-27 11:12:09.000","M&A"
"1704666","SDR: Entered Backlog","2026-01-25 08:16:50.000","M&A"
"1704854","SDR: Entered Backlog","2026-01-27 19:41:13.000","M&A"
"1710300","SDR: Entered Backlog","2026-01-25 17:09:25.000","M&A"
"1714288","SDR: Entered Backlog","2026-01-25 15:35:46.000","M&A"
"1714288","SM: Entered Lead Pool","2026-01-29 13:55:36.000","M&A"
"1714288","SM: Intro Call Scheduled","2026-01-29 16:35:39.000","M&A"
"1714288","SM: Intro Call Conducted","2026-01-29 16:36:05.000","M&A"
"1714288","SM: Meeting Scheduled","2026-01-29 16:36:21.000","M&A"
"1714288","SM: Meeting Conducted","2026-01-29 16:42:17.000","M&A"
"1714288","SM: Contract Closed","2026-01-30 12:37:15.000","M&A"
"1714288","Onboarding started","2026-01-30 12:47:21.000","M&A"
"1714288","Property is Published","2026-02-02 16:33:32.618","M&A"
"1714288","First Booking","2026-03-01 00:00:00.000","M&A"
"1714288","Second Booking","2026-03-12 00:00:00.000","M&A"
"1714342","SDR: Entered Backlog","2026-01-27 18:42:51.000","M&A"
"1714342","SM: Entered Lead Pool","2026-02-27 10:29:01.000","M&A"
"1714342","SM: Intro Call Scheduled","2026-02-27 12:30:18.000","M&A"
"1714342","SM: Intro Call Conducted","2026-03-03 12:47:37.000","M&A"
"1714342","SM: Meeting Scheduled","2026-03-03 12:47:49.000","M&A"
"1714342","SM: Meeting Conducted","2026-04-03 08:34:53.000","M&A"
"1716071","SDR: Entered Backlog","2026-01-27 12:57:31.000","M&A"
"1716071","SM: Intro Call Scheduled","2026-01-29 13:46:28.000","M&A"
"1716071","SM: Meeting Scheduled","2026-02-04 09:00:27.000","M&A"
"1716071","SM: Contract Closed","2026-02-05 10:39:18.000","M&A"
"1716071","Onboarding started","2026-02-05 10:41:44.000","M&A"
"1716071","Property is Published","2026-02-05 15:35:59.396","M&A"
"1716071","First Booking","2026-02-09 00:00:00.000","M&A"
"1716071","Second Booking","2026-02-09 00:00:00.000","M&A"
"1716071","First Stay","2026-03-19 00:00:00.000","M&A"
"1718138","SDR: Entered Backlog","2026-01-27 12:25:30.000","M&A"
"1718138","SM: Entered Lead Pool","2026-03-06 13:17:13.000","M&A"
"1718138","SM: Intro Call Scheduled","2026-03-06 16:51:08.000","M&A"
"1718138","SM: Meeting Conducted","2026-03-23 13:43:19.000","M&A"
"1719802","SM: Entered Lead Pool","2026-01-27 07:52:16.000","M&A"
"1719802","SM: Intro Call Scheduled","2026-01-27 08:11:11.000","M&A"
"1719802","SM: Intro Call Conducted","2026-01-29 13:46:34.000","M&A"
"1719802","SM: Meeting Conducted","2026-01-29 14:04:56.000","M&A"
"1722958","SDR: Entered Backlog","2026-01-26 06:20:36.000","M&A"
"1722989","SDR: Entered Backlog","2026-01-27 14:27:37.000","M&A"
"1723997","SDR: Entered Backlog","2026-01-26 09:42:02.000","M&A"
"1724329","SDR: Entered Backlog","2026-01-26 20:17:54.000","M&A"
"1725606","SM: Intro Call Scheduled","2026-01-26 08:50:43.000","M&A"
"1725606","SM: Intro Call Conducted","2026-01-26 08:50:49.000","M&A"
"1725606","SM: Meeting Scheduled","2026-01-26 08:50:50.000","M&A"
"1725606","SM: Meeting Conducted","2026-01-26 08:50:51.000","M&A"
"1725893","SDR: Entered Backlog","2026-01-26 14:14:20.000","M&A"
"1725893","SM: Entered Lead Pool","2026-01-26 14:20:00.000","M&A"
"1725893","SM: Intro Call Scheduled","2026-01-26 16:07:02.000","M&A"
"1725893","SM: Intro Call Conducted","2026-01-26 16:07:12.000","M&A"
"1725893","SM: Meeting Scheduled","2026-01-26 16:07:21.000","M&A"
"1725893","SM: Meeting Conducted","2026-01-26 16:07:32.000","M&A"
"1726876","SM: Entered Lead Pool","2026-01-27 15:23:12.000","M&A"
"1726876","SM: Intro Call Scheduled","2026-01-27 15:48:48.000","M&A"
"1726876","SM: Intro Call Conducted","2026-01-27 15:49:14.000","M&A"
"1726876","SM: Meeting Scheduled","2026-01-27 15:49:29.000","M&A"
"1726876","SM: Meeting Conducted","2026-01-27 15:49:58.000","M&A"
"1726876","SM: Contract Closed","2026-02-02 16:31:34.000","M&A"
"1726876","Onboarding started","2026-02-02 16:48:37.000","M&A"
"1726876","Property is Published","2026-02-03 10:20:12.351","M&A"
"1726876","First Booking","2026-02-03 00:00:00.000","M&A"
"1726876","Second Booking","2026-02-11 00:00:00.000","M&A"
"1925526","Host Form Submission","2026-01-25 00:57:30.000","Marketing"
"1925527","Host Form Submission","2026-01-25 02:02:42.000","Marketing"
"1925528","Host Form Submission","2026-01-25 03:17:59.000","Marketing"
"1925529","Host Form Submission","2026-01-25 03:48:09.000","Marketing"
"1925529","SDR: Entered Backlog","2026-01-27 03:48:38.000","Marketing"
"1925529","SDR: Call Conducted","2026-01-27 16:12:48.000","Marketing"
"1925529","SM: Entered Lead Pool","2026-02-05 10:17:36.000","Marketing"
"1925529","SM: Intro Call Scheduled","2026-02-05 10:18:15.000","Marketing"
"1925529","SM: Intro Call Conducted","2026-02-05 13:50:04.000","Marketing"
"1925530","Host Form Submission","2026-01-25 05:39:00.000","Marketing"
"1925530","SDR: Entered Backlog","2026-04-15 12:42:27.000","Marketing"
"1925531","Host Form Submission","2026-01-25 06:21:48.000","Marketing"
"1925531","SDR: Entered Backlog","2026-01-27 06:22:31.000","Marketing"
"1925532","Host Form Submission","2026-01-25 06:51:52.000","Marketing"
"1925532","SDR: Entered Backlog","2026-04-15 12:42:27.000","Marketing"
"1925534","Host Form Submission","2026-01-25 08:04:07.000","Marketing"
"1925534","SDR: Entered Backlog","2026-01-30 07:43:41.000","Marketing"
"1925534","SM: Entered Lead Pool","2026-02-02 09:21:54.000","Marketing"
"1925534","SM: Intro Call Scheduled","2026-02-03 13:37:22.000","Marketing"
"1925534","SM: Intro Call Conducted","2026-03-24 16:37:52.000","Marketing"
"1925534","SM: Meeting Scheduled","2026-03-24 16:38:12.000","Marketing"
"1925535","Host Form Submission","2026-01-25 08:25:57.000","Marketing"
"1925535","SDR: Entered Backlog","2026-01-25 08:26:40.000","Marketing"
"1925536","Host Form Submission","2026-01-25 08:39:54.000","Marketing"
"1925536","SDR: Entered Backlog","2026-01-27 08:40:51.000","Marketing"
"1925536","SDR: Call Conducted","2026-01-27 15:47:38.000","Marketing"
"1925537","Host Form Submission","2026-01-25 08:41:27.000","Marketing"
"1925537","SDR: Entered Backlog","2026-01-25 11:35:58.000","Marketing"
"1925537","SDR: Call Conducted","2026-01-27 15:18:44.000","Marketing"
"1925537","SM: Entered Lead Pool","2026-02-05 10:14:35.000","Marketing"
"1925537","SM: Intro Call Scheduled","2026-02-05 10:15:11.000","Marketing"
"1925537","SM: Intro Call Conducted","2026-02-05 13:49:24.000","Marketing"
"1925539","Host Form Submission","2026-01-25 09:04:43.000","Marketing"
"1925539","SDR: Entered Backlog","2026-01-25 09:06:01.000","Marketing"
"1925539","SM: Entered Lead Pool","2026-02-10 09:14:27.000","Marketing"
"1925540","Host Form Submission","2026-01-25 09:14:58.000","Marketing"
"1925540","SDR: Entered Backlog","2026-01-25 09:16:15.000","Marketing"
"1925540","SM: Entered Lead Pool","2026-01-28 09:22:50.000","Marketing"
"1925540","SM: Intro Call Scheduled","2026-02-06 13:16:14.000","Marketing"
"1925540","SM: Intro Call Conducted","2026-03-02 15:40:33.000","Marketing"
"1925541","Host Form Submission","2026-01-25 09:18:54.000","Marketing"
"1925541","SDR: Entered Backlog","2026-01-30 07:43:15.000","Marketing"
"1925541","SDR: Call Conducted","2026-01-30 09:00:58.000","Marketing"
"1925542","Host Form Submission","2026-01-25 09:30:19.000","Marketing"
"1925542","SDR: Entered Backlog","2026-01-27 09:31:15.000","Marketing"
"1925542","SDR: Call Conducted","2026-01-27 16:10:03.000","Marketing"
"1925543","Host Form Submission","2026-01-25 10:05:07.000","Marketing"
"1925543","SDR: Entered Backlog","2026-01-25 10:06:42.000","Marketing"
"1925544","Host Form Submission","2026-01-25 10:12:45.000","Marketing"
"1925544","SM: Entered Lead Pool","2026-01-25 10:13:43.000","Marketing"
"1925544","SM: Intro Call Scheduled","2026-02-17 13:55:00.000","Marketing"
"1925544","SM: Intro Call Conducted","2026-02-17 13:59:16.000","Marketing"
"1925545","Host Form Submission","2026-01-25 10:19:07.000","Marketing"
"1925545","SDR: Entered Backlog","2026-01-30 07:52:33.000","Marketing"
"1925546","Host Form Submission","2026-01-25 10:19:27.000","Marketing"
"1925546","SDR: Entered Backlog","2026-01-27 10:19:45.000","Marketing"
"1925546","SDR: Call Conducted","2026-01-27 11:34:20.000","Marketing"
"1925547","Host Form Submission","2026-01-25 10:22:48.000","Marketing"
"1925547","SM: Entered Lead Pool","2026-04-10 07:20:23.000","Marketing"
"1925548","Host Form Submission","2026-01-25 10:25:36.000","Referral"
"1925548","SM: Entered Lead Pool","2026-01-25 10:36:48.000","Referral"
"1925548","SM: Intro Call Scheduled","2026-01-27 10:25:26.000","Referral"
"1925548","SM: Intro Call Conducted","2026-01-29 11:08:13.000","Referral"
"1925548","SM: Meeting Scheduled","2026-01-29 11:16:41.000","Referral"
"1925549","Host Form Submission","2026-01-25 10:28:13.000","Marketing"
"1925550","Host Form Submission","2026-01-25 10:30:10.000","Referral"
"1925550","SDR: Entered Backlog","2026-01-30 07:43:41.000","Referral"
"1925550","SDR: Call Conducted","2026-01-30 10:51:23.000","Referral"
"1925550","SM: Entered Lead Pool","2026-02-03 10:17:17.000","Referral"
"1925550","SM: Intro Call Scheduled","2026-02-08 09:13:22.000","Referral"
"1925550","SM: Intro Call Conducted","2026-02-12 15:01:43.000","Referral"
"1925550","SM: Meeting Scheduled","2026-02-12 15:02:09.000","Referral"
"1925550","SM: Meeting Conducted","2026-02-12 15:03:19.000","Referral"
"1925550","SM: Contract Closed","2026-02-20 11:24:15.000","Referral"
"1925550","Onboarding started","2026-02-24 14:58:27.000","Referral"
"1925550","Property is Published","2026-02-25 12:50:17.332","Referral"
"1925550","First Booking","2026-03-05 00:00:00.000","Referral"
"1925550","First Stay","2026-03-14 00:00:00.000","Referral"
"1925551","Host Form Submission","2026-01-25 10:34:27.000","Marketing"
"1925552","Host Form Submission","2026-01-25 11:25:32.000","Marketing"
"1925552","SDR: Entered Backlog","2026-01-30 07:53:05.000","Marketing"
"1925553","Host Form Submission","2026-01-25 11:32:07.000","Marketing"
"1925553","SDR: Entered Backlog","2026-01-30 07:47:21.000","Marketing"
"1925553","SDR: Call Conducted","2026-02-02 14:18:47.000","Marketing"
"1925554","Host Form Submission","2026-01-25 11:37:31.000","Marketing"
"1925554","SDR: Entered Backlog","2026-03-30 09:52:42.000","Marketing"
"1925555","Host Form Submission","2026-01-25 11:57:20.000","Marketing"
"1925556","Host Form Submission","2026-01-25 11:58:06.000","Marketing"
"1925557","Host Form Submission","2026-01-25 12:22:33.000","Marketing"
"1925558","Host Form Submission","2026-01-25 12:23:26.000","Marketing"
"1925558","SDR: Entered Backlog","2026-01-30 07:43:41.000","Marketing"
"1925558","SDR: Call Conducted","2026-01-30 10:47:11.000","Marketing"
"1925558","SM: Entered Lead Pool","2026-02-03 15:52:44.000","Marketing"
"1925558","SM: Intro Call Scheduled","2026-02-06 09:14:51.000","Marketing"
"1925558","SM: Intro Call Conducted","2026-02-09 15:49:35.000","Marketing"
"1925561","Host Form Submission","2026-01-25 12:52:44.000","Marketing"
"1925561","SDR: Entered Backlog","2026-01-30 07:44:05.000","Marketing"
"1925561","SDR: Call Conducted","2026-02-02 17:10:52.000","Marketing"
"1925562","Host Form Submission","2026-01-25 13:08:22.000","Marketing"
"1925563","Host Form Submission","2026-01-25 13:10:23.000","Marketing"
"1925563","SDR: Entered Backlog","2026-01-27 13:10:57.000","Marketing"
"1925563","SDR: Call Conducted","2026-01-27 16:05:06.000","Marketing"
"1925564","Host Form Submission","2026-01-25 13:29:24.000","Referral"
"1925564","SM: Entered Lead Pool","2026-01-25 13:32:37.000","Referral"
"1925564","SM: Intro Call Scheduled","2026-01-26 16:03:20.000","Referral"
"1925564","SM: Intro Call Conducted","2026-01-26 16:04:19.000","Referral"
"1925564","SM: Meeting Scheduled","2026-01-30 16:03:41.000","Referral"
"1925564","SM: Meeting Conducted","2026-01-30 16:43:21.000","Referral"
"1925564","SM: Contract Closed","2026-02-03 18:54:49.000","Referral"
"1925564","Onboarding started","2026-02-09 11:18:39.000","Referral"
"1925564","Property is Published","2026-02-09 16:15:31.203","Referral"
"1925564","First Booking","2026-02-09 00:00:00.000","Referral"
"1925564","Second Booking","2026-02-10 00:00:00.000","Referral"
"1925564","First Stay","2026-03-01 00:00:00.000","Referral"
"1925565","Host Form Submission","2026-01-25 13:31:03.000","Marketing"
"1925565","SDR: Entered Backlog","2026-01-25 13:31:12.000","Marketing"
"1925565","SM: Entered Lead Pool","2026-01-26 10:33:07.000","Marketing"
"1925566","Host Form Submission","2026-01-25 13:44:45.000","Marketing"
"1925566","SDR: Entered Backlog","2026-01-25 13:45:10.000","Marketing"
"1925566","SM: Entered Lead Pool","2026-01-26 11:25:35.000","Marketing"
"1925566","SM: Intro Call Scheduled","2026-01-26 13:16:01.000","Marketing"
"1925566","SM: Intro Call Conducted","2026-02-04 14:38:04.000","Marketing"
"1925567","Host Form Submission","2026-01-25 13:47:59.000","Marketing"
"1925568","Host Form Submission","2026-01-25 13:56:49.000","Marketing"
"1925568","SDR: Entered Backlog","2026-01-27 13:57:57.000","Marketing"
"1925568","SDR: Call Conducted","2026-01-27 15:39:52.000","Marketing"
"1925569","Host Form Submission","2026-01-25 14:17:30.000","Marketing"
"1925569","SDR: Entered Backlog","2026-01-25 14:17:42.000","Marketing"
"1925569","SM: Entered Lead Pool","2026-01-30 13:29:34.000","Marketing"
"1925569","SM: Intro Call Scheduled","2026-02-05 07:15:02.000","Marketing"
"1925569","SM: Intro Call Conducted","2026-02-05 07:48:45.000","Marketing"
"1925569","SM: Meeting Scheduled","2026-02-06 11:10:04.000","Marketing"
"1925569","SM: Meeting Conducted","2026-02-06 11:10:25.000","Marketing"
"1925571","Host Form Submission","2026-01-25 14:40:12.000","Marketing"
"1925571","SDR: Entered Backlog","2026-01-25 14:40:55.000","Marketing"
"1925573","Host Form Submission","2026-01-25 14:53:47.000","Marketing"
"1925573","SDR: Entered Backlog","2026-01-28 08:42:25.000","Marketing"
"1925573","SDR: Call Conducted","2026-01-28 09:30:56.000","Marketing"
"1925574","Host Form Submission","2026-01-25 14:56:57.000","Referral"
"1925574","SDR: Entered Backlog","2026-01-25 14:57:16.000","Referral"
"1925575","Host Form Submission","2026-01-25 15:08:02.000","Marketing"
"1925575","SDR: Entered Backlog","2026-01-25 15:16:07.000","Marketing"
"1925575","SDR: Call Conducted","2026-01-26 09:55:50.000","Marketing"
"1925575","SM: Intro Call Scheduled","2026-01-28 10:45:08.000","Marketing"
"1925575","SM: Intro Call Conducted","2026-01-28 14:23:59.000","Marketing"
"1925576","Host Form Submission","2026-01-25 15:12:18.000","Marketing"
"1925576","SDR: Entered Backlog","2026-01-25 15:33:08.000","Marketing"
"1925576","SDR: Call Conducted","2026-01-27 15:23:28.000","Marketing"
"1925576","SM: Entered Lead Pool","2026-01-27 15:35:47.000","Marketing"
"1925576","SM: Intro Call Scheduled","2026-01-30 11:37:31.000","Marketing"
"1925576","SM: Intro Call Conducted","2026-01-30 12:04:51.000","Marketing"
"1925576","SM: Meeting Scheduled","2026-01-30 12:08:29.000","Marketing"
"1925577","Host Form Submission","2026-01-25 15:15:55.000","Marketing"
"1925577","SDR: Entered Backlog","2026-01-25 15:16:58.000","Marketing"
"1925577","SM: Entered Lead Pool","2026-01-26 13:24:28.000","Marketing"
"1925577","SM: Intro Call Scheduled","2026-01-27 15:04:41.000","Marketing"
"1925577","SM: Intro Call Conducted","2026-01-27 15:10:15.000","Marketing"
"1925577","SM: Meeting Scheduled","2026-01-27 15:10:33.000","Marketing"
"1925578","Host Form Submission","2026-01-25 15:17:34.000","Marketing"
"1925579","Host Form Submission","2026-01-25 15:25:00.000","Marketing"
"1925580","Host Form Submission","2026-01-25 15:25:25.000","Marketing"
"1925580","SDR: Entered Backlog","2026-01-25 15:26:03.000","Marketing"
"1925581","Host Form Submission","2026-01-25 15:30:51.000","Marketing"
"1925581","SDR: Entered Backlog","2026-01-25 15:48:54.000","Marketing"
"1925581","SDR: Call Conducted","2026-01-26 09:51:46.000","Marketing"
"1925581","SM: Entered Lead Pool","2026-02-12 20:20:28.000","Marketing"
"1925581","SM: Intro Call Scheduled","2026-02-12 20:20:32.000","Marketing"
"1925581","SM: Intro Call Conducted","2026-02-12 20:21:18.000","Marketing"
"1925581","SM: Meeting Scheduled","2026-02-12 20:22:01.000","Marketing"
"1925581","SM: Meeting Conducted","2026-02-12 20:22:21.000","Marketing"
"1925581","SM: Contract Closed","2026-02-12 20:23:44.000","Marketing"
"1925581","Onboarding started","2026-02-13 15:07:49.000","Marketing"
"1925581","Property is Published","2026-02-16 11:51:01.218","Marketing"
"1925582","Host Form Submission","2026-01-25 15:39:10.000","Marketing"
"1925583","Host Form Submission","2026-01-25 15:40:57.000","Marketing"
"1925584","Host Form Submission","2026-01-25 15:47:11.000","Marketing"
"1925584","SM: Intro Call Scheduled","2026-01-26 12:04:46.000","Marketing"
"1925584","SM: Meeting Scheduled","2026-01-28 09:45:30.000","Marketing"
"1925584","SM: Meeting Conducted","2026-01-29 14:23:41.000","Marketing"
"1925585","Host Form Submission","2026-01-25 15:48:48.000","Marketing"
"1925585","SDR: Entered Backlog","2026-01-25 15:49:12.000","Marketing"
"1925585","SM: Entered Lead Pool","2026-01-26 14:19:02.000","Marketing"
"1925585","SM: Intro Call Scheduled","2026-01-27 07:29:40.000","Marketing"
"1925585","SM: Intro Call Conducted","2026-02-03 13:28:43.000","Marketing"
"1925585","SM: Meeting Scheduled","2026-02-03 13:28:53.000","Marketing"
"1925585","SM: Meeting Conducted","2026-02-10 14:20:25.000","Marketing"
"1925585","SM: Contract Closed","2026-02-16 12:52:17.000","Marketing"
"1925585","Onboarding started","2026-02-16 12:56:25.000","Marketing"
"1925585","Property is Published","2026-02-16 12:58:49.558","Marketing"
"1925585","First Booking","2026-02-20 00:00:00.000","Marketing"
"1925585","Second Booking","2026-02-22 00:00:00.000","Marketing"
"1925585","First Stay","2026-03-11 00:00:00.000","Marketing"
"1925586","Host Form Submission","2026-01-25 15:59:35.000","Marketing"
"1925587","Host Form Submission","2026-01-25 16:27:09.000","Marketing"
"1925588","Host Form Submission","2026-01-25 16:27:24.000","Marketing"
"1925588","SDR: Entered Backlog","2026-01-25 17:23:59.000","Marketing"
"1925588","SM: Entered Lead Pool","2026-01-26 08:11:26.000","Marketing"
"1925588","SM: Intro Call Scheduled","2026-01-26 11:58:45.000","Marketing"
"1925588","SM: Intro Call Conducted","2026-01-26 13:56:17.000","Marketing"
"1925588","SM: Meeting Scheduled","2026-01-26 14:00:06.000","Marketing"
"1925588","SM: Meeting Conducted","2026-01-27 13:30:25.000","Marketing"
"1925589","Host Form Submission","2026-01-25 16:27:59.000","Referral"
"1925589","SM: Entered Lead Pool","2026-01-25 16:31:33.000","Referral"
"1925589","SM: Intro Call Scheduled","2026-01-28 15:26:14.000","Referral"
"1925589","SM: Meeting Scheduled","2026-01-29 15:54:31.000","Referral"
"1925589","SM: Meeting Conducted","2026-01-30 10:02:40.000","Referral"
"1925589","SM: Contract Closed","2026-01-30 10:04:07.000","Referral"
"1925589","Onboarding started","2026-01-30 10:13:04.000","Referral"
"1925589","Property is Published","2026-01-30 10:18:01.926","Referral"
"1925589","First Booking","2026-02-04 00:00:00.000","Referral"
"1925589","Second Booking","2026-02-04 00:00:00.000","Referral"
"1925590","Host Form Submission","2026-01-25 16:39:24.000","Marketing"
"1925590","SDR: Entered Backlog","2026-01-25 19:09:09.000","Marketing"
"1925590","SDR: Call Conducted","2026-01-26 09:50:41.000","Marketing"
"1925590","SM: Entered Lead Pool","2026-01-26 17:24:47.000","Marketing"
"1925590","SM: Intro Call Scheduled","2026-01-27 08:40:50.000","Marketing"
"1925590","SM: Meeting Conducted","2026-01-27 12:08:41.000","Marketing"
"1925590","SM: Contract Closed","2026-01-28 09:22:37.000","Marketing"
"1925590","Onboarding started","2026-01-28 09:22:54.000","Marketing"
"1925590","Property is Published","2026-01-29 09:49:40.491","Marketing"
"1925590","First Booking","2026-02-01 00:00:00.000","Marketing"
"1925590","Second Booking","2026-02-28 00:00:00.000","Marketing"
"1925591","Host Form Submission","2026-01-25 16:42:27.000","Marketing"
"1925591","SDR: Entered Backlog","2026-01-28 08:42:19.000","Marketing"
"1925591","SDR: Call Conducted","2026-01-28 16:46:25.000","Marketing"
"1925592","Host Form Submission","2026-01-25 16:44:37.000","Marketing"
"1925592","SDR: Entered Backlog","2026-01-28 08:42:15.000","Marketing"
"1925592","SDR: Call Conducted","2026-01-30 10:43:01.000","Marketing"
"1925593","Host Form Submission","2026-01-25 16:47:56.000","Referral"
"1925593","SM: Entered Lead Pool","2026-01-25 16:50:36.000","Referral"
"1925593","SM: Intro Call Scheduled","2026-01-26 10:42:25.000","Referral"
"1925593","SM: Intro Call Conducted","2026-01-27 13:41:15.000","Referral"
"1925593","SM: Meeting Scheduled","2026-01-27 13:46:31.000","Referral"
"1925593","SM: Meeting Conducted","2026-01-27 13:41:14.000","Referral"
"1925593","SM: Contract Closed","2026-02-02 10:18:25.000","Referral"
"1925593","Onboarding started","2026-02-02 10:20:23.000","Referral"
"1925593","Property is Published","2026-02-02 15:24:46.389","Referral"
"1925593","First Booking","2026-02-04 00:00:00.000","Referral"
"1925593","Second Booking","2026-02-08 00:00:00.000","Referral"
"1925593","First Stay","2026-04-01 00:00:00.000","Referral"
"1925594","Host Form Submission","2026-01-25 16:52:55.000","Marketing"
"1925594","SDR: Entered Backlog","2026-01-25 16:53:25.000","Marketing"
"1925594","SM: Entered Lead Pool","2026-01-26 07:47:02.000","Marketing"
"1925594","SM: Intro Call Scheduled","2026-01-26 10:07:44.000","Marketing"
"1925594","SM: Intro Call Conducted","2026-01-26 13:09:38.000","Marketing"
"1925594","SM: Meeting Scheduled","2026-01-26 13:10:05.000","Marketing"
"1925594","SM: Meeting Conducted","2026-01-30 07:54:13.000","Marketing"
"1925594","SM: Contract Closed","2026-01-30 07:57:21.000","Marketing"
"1925594","Onboarding started","2026-01-30 08:01:09.000","Marketing"
"1925594","Property is Published","2026-02-09 08:32:04.201","Marketing"
"1925594","First Booking","2026-02-10 00:00:00.000","Marketing"
"1925594","Second Booking","2026-03-06 00:00:00.000","Marketing"
"1925594","First Stay","2026-04-05 00:00:00.000","Marketing"
"1925595","Host Form Submission","2026-01-25 17:18:50.000","Marketing"
"1925596","Host Form Submission","2026-01-25 17:29:22.000","Marketing"
"1925596","SDR: Entered Backlog","2026-01-25 17:29:31.000","Marketing"
"1925596","SM: Entered Lead Pool","2026-01-28 10:24:44.000","Marketing"
"1925596","SM: Intro Call Scheduled","2026-02-04 09:25:28.000","Marketing"
"1925596","SM: Intro Call Conducted","2026-02-04 09:25:43.000","Marketing"
"1925597","Host Form Submission","2026-01-25 17:34:02.000","Marketing"
"1925598","Host Form Submission","2026-01-25 17:53:12.000","Marketing"
"1925598","SDR: Entered Backlog","2026-01-25 18:00:07.000","Marketing"
"1925598","SM: Entered Lead Pool","2026-01-25 18:42:01.000","Marketing"
"1925598","SM: Intro Call Scheduled","2026-01-27 15:10:24.000","Marketing"
"1925598","SM: Intro Call Conducted","2026-01-27 15:10:41.000","Marketing"
"1925598","SM: Meeting Scheduled","2026-01-27 15:13:16.000","Marketing"
"1925598","SM: Meeting Conducted","2026-01-27 15:13:27.000","Marketing"
"1925598","SM: Contract Closed","2026-01-27 15:13:40.000","Marketing"
"1925598","Onboarding started","2026-01-28 09:15:28.000","Marketing"
"1925598","Property is Published","2026-01-29 13:51:48.270","Marketing"
"1925598","First Booking","2026-02-13 00:00:00.000","Marketing"
"1925598","Second Booking","2026-02-17 00:00:00.000","Marketing"
"1925599","Host Form Submission","2026-01-25 18:00:59.000","Marketing"
"1925599","SDR: Entered Backlog","2026-01-25 18:08:52.000","Marketing"
"1925599","SDR: Call Conducted","2026-01-26 10:23:17.000","Marketing"
"1925600","Host Form Submission","2026-01-25 18:30:28.000","Marketing"
"1925600","SDR: Entered Backlog","2026-01-25 18:31:27.000","Marketing"
"1925600","SM: Entered Lead Pool","2026-01-26 10:22:47.000","Marketing"
"1925601","Host Form Submission","2026-01-25 18:32:50.000","Marketing"
"1925601","SDR: Entered Backlog","2026-01-27 18:33:26.000","Marketing"
"1925601","SDR: Call Conducted","2026-01-28 17:16:36.000","Marketing"
"1925601","SM: Entered Lead Pool","2026-01-28 17:20:19.000","Marketing"
"1925602","Host Form Submission","2026-01-25 18:33:54.000","Marketing"
"1925602","SDR: Entered Backlog","2026-01-30 07:43:41.000","Marketing"
"1925602","SDR: Call Conducted","2026-02-02 09:01:56.000","Marketing"
"1925603","Host Form Submission","2026-01-25 18:36:30.000","Marketing"
"1925603","SDR: Entered Backlog","2026-01-25 18:43:45.000","Marketing"
"1925603","SM: Entered Lead Pool","2026-01-25 18:56:53.000","Marketing"
"1925603","SM: Intro Call Scheduled","2026-01-26 10:08:40.000","Marketing"
"1925603","SM: Intro Call Conducted","2026-01-26 11:09:33.000","Marketing"
"1925603","SM: Meeting Scheduled","2026-01-28 13:43:31.000","Marketing"
"1925603","SM: Meeting Conducted","2026-02-03 16:32:23.000","Marketing"
"1925603","SM: Contract Closed","2026-02-12 17:11:39.000","Marketing"
"1925603","Onboarding started","2026-02-12 18:23:34.000","Marketing"
"1925603","Property is Published","2026-02-12 18:41:33.987","Marketing"
"1925603","First Booking","2026-03-17 00:00:00.000","Marketing"
"1925604","Host Form Submission","2026-01-25 18:49:45.000","Marketing"
"1925604","SDR: Entered Backlog","2026-01-25 18:57:33.000","Marketing"
"1925604","SM: Entered Lead Pool","2026-01-25 21:25:07.000","Marketing"
"1925604","SM: Meeting Scheduled","2026-01-30 11:26:08.000","Marketing"
"1925605","Host Form Submission","2026-01-25 18:53:18.000","Marketing"
"1925605","SDR: Entered Backlog","2026-01-25 18:54:02.000","Marketing"
"1925606","Host Form Submission","2026-01-25 19:19:11.000","Marketing"
"1925606","SDR: Entered Backlog","2026-01-25 19:30:22.000","Marketing"
"1925606","SM: Entered Lead Pool","2026-01-26 10:30:55.000","Marketing"
"1925606","SM: Intro Call Scheduled","2026-01-28 16:17:12.000","Marketing"
"1925606","SM: Intro Call Conducted","2026-02-05 11:45:13.000","Marketing"
"1925609","Host Form Submission","2026-01-25 19:33:28.000","Marketing"
"1925609","SDR: Entered Backlog","2026-01-27 19:34:41.000","Marketing"
"1925609","SDR: Call Conducted","2026-01-28 09:29:41.000","Marketing"
"1925612","Host Form Submission","2026-01-25 20:16:26.000","Marketing"
"1925612","SDR: Entered Backlog","2026-01-25 20:22:08.000","Marketing"
"1925612","SM: Entered Lead Pool","2026-01-25 22:35:23.000","Marketing"
"1925612","SM: Intro Call Scheduled","2026-01-26 15:38:54.000","Marketing"
"1925612","SM: Intro Call Conducted","2026-01-26 15:39:18.000","Marketing"
"1925613","Host Form Submission","2026-01-25 20:20:12.000","Marketing"
"1925613","SDR: Entered Backlog","2026-01-25 20:20:34.000","Marketing"
"1925613","SM: Entered Lead Pool","2026-01-27 12:33:50.000","Marketing"
"1925613","SM: Intro Call Scheduled","2026-02-05 08:31:02.000","Marketing"
"1925613","SM: Intro Call Conducted","2026-02-05 12:06:47.000","Marketing"
"1925613","SM: Meeting Scheduled","2026-02-05 12:07:40.000","Marketing"
"1925614","Host Form Submission","2026-01-25 20:21:22.000","Marketing"
"1925614","SDR: Entered Backlog","2026-01-25 20:27:11.000","Marketing"
"1925614","SDR: Call Conducted","2026-01-26 09:46:01.000","Marketing"
"1925615","Host Form Submission","2026-01-25 20:31:16.000","Marketing"
"1925615","SDR: Entered Backlog","2026-01-25 20:36:52.000","Marketing"
"1925615","SDR: Call Conducted","2026-01-26 14:03:29.000","Marketing"
"1925616","Host Form Submission","2026-01-25 20:35:08.000","Referral"
"1925616","SM: Entered Lead Pool","2026-01-25 20:38:16.000","Referral"
"1925616","SM: Intro Call Scheduled","2026-01-27 17:29:55.000","Referral"
"1925616","SM: Intro Call Conducted","2026-01-29 12:08:53.000","Referral"
"1925617","Host Form Submission","2026-01-25 20:41:10.000","Marketing"
"1925617","SDR: Entered Backlog","2026-01-30 07:44:05.000","Marketing"
"1925617","SDR: Call Conducted","2026-01-30 10:19:18.000","Marketing"
"1925617","SM: Entered Lead Pool","2026-01-30 10:29:24.000","Marketing"
"1925617","SM: Intro Call Scheduled","2026-01-30 11:03:02.000","Marketing"
"1925617","SM: Meeting Scheduled","2026-02-17 09:11:03.000","Marketing"
"1925617","SM: Meeting Conducted","2026-02-20 14:44:06.000","Marketing"
"1925617","SM: Contract Closed","2026-02-20 15:18:58.000","Marketing"
"1925617","Onboarding started","2026-02-20 14:46:21.000","Marketing"
"1925617","Property is Published","2026-02-20 15:54:35.449","Marketing"
"1925617","First Booking","2026-02-21 00:00:00.000","Marketing"
"1925617","Second Booking","2026-03-01 00:00:00.000","Marketing"
"1925618","Host Form Submission","2026-01-25 20:48:29.000","Marketing"
"1925618","SDR: Entered Backlog","2026-01-27 20:49:11.000","Marketing"
"1925618","SDR: Call Conducted","2026-01-29 12:10:03.000","Marketing"
"1925619","Host Form Submission","2026-01-25 20:56:13.000","Marketing"
"1925619","SDR: Entered Backlog","2026-01-25 20:57:54.000","Marketing"
"1925620","Host Form Submission","2026-01-25 21:17:04.000","Marketing"
"1925621","Host Form Submission","2026-01-25 21:25:42.000","Marketing"
"1925622","Host Form Submission","2026-01-25 21:39:19.000","Marketing"
"1925622","SDR: Entered Backlog","2026-01-25 21:44:22.000","Marketing"
"1925622","SDR: Call Conducted","2026-01-27 15:35:34.000","Marketing"
"1925623","Host Form Submission","2026-01-25 21:48:33.000","Marketing"
"1925623","SDR: Entered Backlog","2026-01-30 07:42:26.000","Marketing"
"1925623","SDR: Call Conducted","2026-01-30 10:18:55.000","Marketing"
"1925624","Host Form Submission","2026-01-25 21:55:13.000","Marketing"
"1925624","SDR: Entered Backlog","2026-03-30 07:37:04.000","Marketing"
"1925625","Host Form Submission","2026-01-25 22:13:33.000","Referral"
"1925625","SM: Entered Lead Pool","2026-01-25 22:17:30.000","Referral"
"1925625","SM: Intro Call Scheduled","2026-02-11 11:08:18.000","Referral"
"1925625","SM: Intro Call Conducted","2026-02-13 11:51:09.000","Referral"
"1925625","SM: Meeting Scheduled","2026-02-13 11:51:29.000","Referral"
"1925627","Host Form Submission","2026-01-25 22:38:00.000","Marketing"
"1925627","SDR: Entered Backlog","2026-01-27 22:38:39.000","Marketing"
"1925627","SDR: Call Conducted","2026-01-29 12:03:18.000","Marketing"
"1925627","SM: Entered Lead Pool","2026-02-10 16:09:26.000","Marketing"
"1925627","SM: Intro Call Scheduled","2026-02-10 16:09:34.000","Marketing"
"1925627","SM: Intro Call Conducted","2026-02-10 16:10:43.000","Marketing"
"1925628","Host Form Submission","2026-01-25 23:33:19.000","Marketing"
"1925628","SDR: Entered Backlog","2026-01-27 23:34:35.000","Marketing"
"1925628","SDR: Call Conducted","2026-01-29 11:59:47.000","Marketing"
"1925629","Host Form Submission","2026-01-25 23:37:53.000","Marketing"
"1925629","SDR: Entered Backlog","2026-01-27 23:38:27.000","Marketing"
"1925629","SDR: Call Conducted","2026-01-29 11:50:57.000","Marketing"
"1925630","Host Form Submission","2026-01-25 23:48:23.000","Marketing"
"1925630","SDR: Entered Backlog","2026-01-25 23:52:19.000","Marketing"
"1925630","SM: Entered Lead Pool","2026-01-26 00:24:36.000","Marketing"
"1925630","SM: Intro Call Scheduled","2026-01-27 10:06:02.000","Marketing"
"1925630","SM: Intro Call Conducted","2026-01-27 10:07:20.000","Marketing"
"1925630","SM: Meeting Scheduled","2026-01-27 10:07:41.000","Marketing"
"1925630","SM: Meeting Conducted","2026-01-28 10:10:45.000","Marketing"
"1925630","SM: Contract Closed","2026-01-28 10:11:14.000","Marketing"
"1925630","Onboarding started","2026-01-28 10:39:56.000","Marketing"
"1925630","Property is Published","2026-02-02 14:33:57.434","Marketing"
"1925630","First Booking","2026-02-06 00:00:00.000","Marketing"
"1925630","Second Booking","2026-02-28 00:00:00.000","Marketing"
"1925630","First Stay","2026-03-04 00:00:00.000","Marketing"
"1925631","Host Form Submission","2026-01-26 00:02:29.000","Marketing"
"1925631","SDR: Entered Backlog","2026-02-23 16:12:21.000","Marketing"
"1925631","SDR: Call Conducted","2026-02-24 13:20:12.000","Marketing"
"1925632","Host Form Submission","2026-01-26 00:08:19.000","Marketing"
"1925632","SDR: Entered Backlog","2026-01-28 00:08:39.000","Marketing"
"1925632","SDR: Call Conducted","2026-01-29 12:07:55.000","Marketing"
"1925633","Host Form Submission","2026-01-26 00:26:49.000","Marketing"
"1925633","SDR: Entered Backlog","2026-01-26 00:28:24.000","Marketing"
"1925633","SDR: Call Conducted","2026-01-27 15:37:24.000","Marketing"
"1925634","Host Form Submission","2026-01-26 01:34:39.000","Marketing"
"1925635","Host Form Submission","2026-01-26 02:21:27.000","Marketing"
"1925635","SDR: Entered Backlog","2026-01-26 02:22:29.000","Marketing"
"1925636","Host Form Submission","2026-01-26 03:09:34.000","Marketing"
"1925637","Host Form Submission","2026-01-26 03:10:37.000","Marketing"
"1925637","SDR: Entered Backlog","2026-01-28 03:11:04.000","Marketing"
"1925637","SDR: Call Conducted","2026-01-29 11:48:08.000","Marketing"
"1925638","Host Form Submission","2026-01-26 03:47:22.000","Marketing"
"1925638","SDR: Entered Backlog","2026-01-28 03:47:55.000","Marketing"
"1925638","SDR: Call Conducted","2026-01-29 11:46:18.000","Marketing"
"1925639","Host Form Submission","2026-01-26 06:09:04.000","Marketing"
"1925639","SDR: Entered Backlog","2026-01-26 06:10:15.000","Marketing"
"1925640","Host Form Submission","2026-01-26 07:27:26.000","Marketing"
"1925640","SDR: Entered Backlog","2026-01-26 07:28:09.000","Marketing"
"1925641","Host Form Submission","2026-01-26 07:31:26.000","Marketing"
"1925643","Host Form Submission","2026-01-26 07:46:33.000","Marketing"
"1925644","Host Form Submission","2026-01-26 08:03:39.000","Referral"
"1925644","SM: Entered Lead Pool","2026-01-26 08:07:28.000","Referral"
"1925644","SM: Intro Call Scheduled","2026-01-26 09:08:04.000","Referral"
"1925644","SM: Intro Call Conducted","2026-01-26 09:08:19.000","Referral"
"1925644","SM: Meeting Scheduled","2026-01-26 09:16:06.000","Referral"
"1925644","SM: Meeting Conducted","2026-01-26 09:16:22.000","Referral"
"1925644","SM: Contract Closed","2026-01-29 13:26:20.000","Referral"
"1925644","Onboarding started","2026-01-29 13:25:28.000","Referral"
"1925645","Host Form Submission","2026-01-26 08:08:53.000","Marketing"
"1925645","SDR: Entered Backlog","2026-01-26 08:10:19.000","Marketing"
"1925646","Host Form Submission","2026-01-26 08:09:08.000","Marketing"
"1925646","SDR: Entered Backlog","2026-02-04 14:50:35.000","Marketing"
"1925646","SDR: Call Conducted","2026-02-04 14:54:06.000","Marketing"
"1925646","SM: Entered Lead Pool","2026-03-26 14:32:09.000","Marketing"
"1925646","SM: Intro Call Scheduled","2026-03-26 14:32:26.000","Marketing"
"1925646","SM: Intro Call Conducted","2026-03-26 14:32:45.000","Marketing"
"1925646","SM: Meeting Scheduled","2026-03-26 14:33:27.000","Marketing"
"1925648","SM: Entered Lead Pool","2026-01-26 08:23:19.000","Sales Team Activity"
"1925648","SM: Intro Call Scheduled","2026-01-26 08:23:28.000","Sales Team Activity"
"1925648","SM: Intro Call Conducted","2026-01-26 08:26:58.000","Sales Team Activity"
"1925648","SM: Meeting Scheduled","2026-01-27 14:02:09.000","Sales Team Activity"
"1925648","SM: Meeting Conducted","2026-01-27 14:47:03.000","Sales Team Activity"
"1925649","Host Form Submission","2026-01-26 08:28:22.000","Marketing"
"1925649","SM: Entered Lead Pool","2026-01-27 14:20:02.000","Marketing"
"1925649","SM: Intro Call Scheduled","2026-01-27 14:20:31.000","Marketing"
"1925649","SM: Intro Call Conducted","2026-01-27 14:20:54.000","Marketing"
"1925651","Host Form Submission","2026-01-26 08:38:59.000","Marketing"
"1925651","SDR: Entered Backlog","2026-01-28 08:42:18.000","Marketing"
"1925651","SDR: Call Conducted","2026-01-29 11:59:18.000","Marketing"
"1925653","Host Form Submission","2026-01-26 08:50:22.000","Marketing"
"1925661","Host Form Submission","2026-01-26 09:12:41.000","Marketing"
"1925661","SM: Entered Lead Pool","2026-01-26 09:13:15.000","Marketing"
"1925661","SM: Intro Call Scheduled","2026-02-12 09:38:05.000","Marketing"
"1925661","SM: Contract Closed","2026-02-12 09:40:54.000","Marketing"
"1925661","Property is Published","2024-03-18 16:34:20.507","Marketing"
"1925661","First Booking","2024-03-18 00:00:00.000","Marketing"
"1925661","Second Booking","2024-03-18 00:00:00.000","Marketing"
"1925661","First Stay","2024-03-20 00:00:00.000","Marketing"
"1925662","Host Form Submission","2026-01-26 09:36:27.000","Referral"
"1925662","SM: Entered Lead Pool","2026-01-26 09:39:58.000","Referral"
"1925662","SM: Intro Call Scheduled","2026-02-16 17:27:58.000","Referral"
"1925662","SM: Intro Call Conducted","2026-02-16 17:28:52.000","Referral"
"1925663","Host Form Submission","2026-01-26 09:39:03.000","Marketing"
"1925663","SDR: Entered Backlog","2026-01-30 07:43:41.000","Marketing"
"1925663","SDR: Call Conducted","2026-01-30 10:44:47.000","Marketing"
"1925666","Host Form Submission","2026-01-26 09:45:48.000","Marketing"
"1925666","SDR: Entered Backlog","2026-01-28 09:47:11.000","Marketing"
"1925666","SDR: Call Conducted","2026-01-28 09:51:08.000","Marketing"
"1925680","SM: Intro Call Scheduled","2026-01-26 10:09:59.000",
"1925683","Host Form Submission","2026-01-26 10:19:50.000","Marketing"
"1925683","SDR: Entered Backlog","2026-01-26 10:35:07.000","Marketing"
"1925683","SDR: Call Conducted","2026-01-26 10:35:32.000","Marketing"
"1925683","SM: Entered Lead Pool","2026-01-26 10:40:00.000","Marketing"
"1925683","SM: Intro Call Scheduled","2026-01-26 11:39:45.000","Marketing"
"1925683","SM: Intro Call Conducted","2026-01-27 10:08:57.000","Marketing"
"1925683","SM: Meeting Scheduled","2026-01-27 14:49:59.000","Marketing"
"1925683","SM: Meeting Conducted","2026-01-27 14:57:42.000","Marketing"
"1925683","SM: Contract Closed","2026-01-27 15:03:12.000","Marketing"
"1925683","Onboarding started","2026-01-27 15:04:43.000","Marketing"
"1925683","Property is Published","2026-01-28 15:43:15.440","Marketing"
"1925683","First Booking","2026-01-31 00:00:00.000","Marketing"
"1925683","Second Booking","2026-02-02 00:00:00.000","Marketing"
"1925688","Host Form Submission","2026-01-26 10:28:18.000","Marketing"
"1925689","Host Form Submission","2026-01-26 10:32:53.000","Marketing"
"1925689","SDR: Entered Backlog","2026-01-28 10:33:33.000","Marketing"
"1925689","SDR: Call Conducted","2026-01-28 10:58:43.000","Marketing"
"1925695","Host Form Submission","2026-01-26 10:41:48.000","Marketing"
"1925695","SDR: Entered Backlog","2026-01-28 10:42:10.000","Marketing"
"1925695","SDR: Call Conducted","2026-01-29 11:55:37.000","Marketing"
"1925696","Host Form Submission","2026-01-26 10:42:40.000","Marketing"
"1925700","Host Form Submission","2026-01-26 10:54:06.000","Marketing"
"1925700","SM: Entered Lead Pool","2026-01-26 10:55:37.000","Marketing"
"1925700","Property is Published","2026-02-20 10:48:53.979","Marketing"
"1925700","First Booking","2026-02-20 00:00:00.000","Marketing"
"1925700","Second Booking","2026-02-20 00:00:00.000","Marketing"
"1925700","First Stay","2026-02-27 00:00:00.000","Marketing"
"1925703","Host Form Submission","2026-01-26 10:57:41.000","Marketing"
"1925705","Host Form Submission","2026-01-26 11:01:43.000","Marketing"
"1925705","SDR: Entered Backlog","2026-01-28 11:02:45.000","Marketing"
"1925705","SDR: Call Conducted","2026-01-28 12:34:29.000","Marketing"
"1925707","Host Form Submission","2026-01-26 11:06:39.000","Marketing"
"1925713","Host Form Submission","2026-01-26 11:30:46.000","Marketing"
"1925713","SDR: Entered Backlog","2026-01-26 11:30:55.000","Marketing"
"1925713","SM: Entered Lead Pool","2026-01-27 10:19:04.000","Marketing"
"1925713","SM: Intro Call Scheduled","2026-01-27 15:20:38.000","Marketing"
"1925713","SM: Intro Call Conducted","2026-01-28 16:30:27.000","Marketing"
"1925713","SM: Meeting Scheduled","2026-01-28 16:50:04.000","Marketing"
"1925713","SM: Meeting Conducted","2026-01-29 09:57:54.000","Marketing"
"1925713","SM: Contract Closed","2026-01-29 09:58:06.000","Marketing"
"1925713","Onboarding started","2026-01-29 11:27:59.000","Marketing"
"1925713","Property is Published","2026-01-29 11:27:51.376","Marketing"
"1925713","First Booking","2026-03-09 00:00:00.000","Marketing"
"1925713","Second Booking","2026-03-27 00:00:00.000","Marketing"
"1925713","First Stay","2026-04-03 00:00:00.000","Marketing"
"1925719","Host Form Submission","2026-01-26 11:48:20.000","Marketing"
"1925719","SM: Entered Lead Pool","2026-01-26 11:49:12.000","Marketing"
"1925719","SM: Intro Call Scheduled","2026-01-26 15:19:45.000","Marketing"
"1925719","SM: Intro Call Conducted","2026-01-26 15:20:55.000","Marketing"
"1925719","SM: Meeting Scheduled","2026-01-26 15:24:35.000","Marketing"
"1925719","SM: Meeting Conducted","2026-01-26 15:24:47.000","Marketing"
"1925719","SM: Contract Closed","2026-02-02 13:21:46.000","Marketing"
"1925720","Host Form Submission","2026-01-26 11:51:50.000","Marketing"
"1925720","SM: Intro Call Scheduled","2026-01-26 12:25:06.000","Marketing"
"1925721","Host Form Submission","2026-01-26 11:55:02.000","Marketing"
"1925721","SDR: Entered Backlog","2026-01-26 11:55:59.000","Marketing"
"1925725","Host Form Submission","2026-01-26 11:58:36.000","Marketing"
"1925725","SDR: Entered Backlog","2026-01-30 07:44:05.000","Marketing"
"1925725","SDR: Call Conducted","2026-01-30 10:14:49.000","Marketing"
"1925732","Host Form Submission","2026-01-26 12:08:28.000","Marketing"
"1925732","SDR: Entered Backlog","2026-01-28 12:10:10.000","Marketing"
"1925732","SDR: Call Conducted","2026-01-28 17:54:41.000","Marketing"
"1925736","Host Form Submission","2026-01-26 12:16:17.000","Marketing"
"1925736","SDR: Entered Backlog","2026-03-30 09:53:41.000","Marketing"
"1925740","Host Form Submission","2026-01-26 12:32:14.000","Marketing"
"1925740","SDR: Entered Backlog","2026-01-26 12:32:19.000","Marketing"
"1925742","Host Form Submission","2026-01-26 12:36:26.000","Marketing"
"1925742","SDR: Entered Backlog","2026-03-01 12:17:38.000","Marketing"
"1925745","Host Form Submission","2026-01-26 12:43:28.000","Marketing"
"1925745","SDR: Entered Backlog","2026-01-26 12:57:24.000","Marketing"
"1925745","SM: Entered Lead Pool","2026-01-26 15:50:50.000","Marketing"
"1925745","SM: Intro Call Scheduled","2026-02-04 18:18:45.000","Marketing"
"1925745","SM: Intro Call Conducted","2026-02-04 18:19:09.000","Marketing"
"1925745","SM: Meeting Scheduled","2026-02-04 18:19:31.000","Marketing"
"1925745","SM: Meeting Conducted","2026-02-04 18:19:51.000","Marketing"
"1925745","SM: Contract Closed","2026-02-04 18:20:12.000","Marketing"
"1925745","Onboarding started","2026-02-10 11:04:11.000","Marketing"
"1925745","Property is Published","2026-02-16 16:04:51.321","Marketing"
"1925745","First Booking","2026-02-17 00:00:00.000","Marketing"
"1925745","Second Booking","2026-02-17 00:00:00.000","Marketing"
"1925745","First Stay","2026-03-03 00:00:00.000","Marketing"
"1925746","Host Form Submission","2026-01-26 12:44:34.000","Marketing"
"1925746","SDR: Entered Backlog","2026-01-28 12:45:48.000","Marketing"
"1925747","SM: Entered Lead Pool","2026-01-26 12:46:23.000",
"1925747","SM: Intro Call Scheduled","2026-01-26 12:46:20.000",
"1925747","SM: Intro Call Conducted","2026-01-26 13:02:53.000",
"1925747","SM: Meeting Scheduled","2026-02-09 08:01:54.000",
"1925747","SM: Meeting Conducted","2026-02-12 17:06:13.000",
"1925748","Host Form Submission","2026-01-26 12:52:11.000","Marketing"
"1925748","SDR: Entered Backlog","2026-01-30 07:42:26.000","Marketing"
"1925748","SDR: Call Conducted","2026-01-30 10:12:49.000","Marketing"
"1925749","Host Form Submission","2026-01-26 12:52:13.000","Marketing"
"1925749","SDR: Entered Backlog","2026-01-28 12:52:51.000","Marketing"
"1925749","SDR: Call Conducted","2026-01-28 16:45:03.000","Marketing"
"1925750","Host Form Submission","2026-01-26 12:53:48.000","Marketing"
"1925750","SDR: Entered Backlog","2026-01-28 12:54:41.000","Marketing"
"1925750","SDR: Call Conducted","2026-01-28 13:55:26.000","Marketing"
"1925751","Host Form Submission","2026-01-26 12:55:12.000","Marketing"
"1925751","SDR: Entered Backlog","2026-01-28 12:55:42.000","Marketing"
"1925751","SDR: Call Conducted","2026-01-28 17:52:51.000","Marketing"
"1925752","Host Form Submission","2026-01-26 12:58:03.000","Referral"
"1925752","SM: Entered Lead Pool","2026-01-26 13:01:05.000","Referral"
"1925752","SM: Intro Call Scheduled","2026-01-27 06:59:44.000","Referral"
"1925752","SM: Intro Call Conducted","2026-02-02 10:06:27.000","Referral"
"1925752","SM: Meeting Scheduled","2026-02-02 10:07:25.000","Referral"
"1925752","SM: Meeting Conducted","2026-02-02 10:09:02.000","Referral"
"1925752","SM: Contract Closed","2026-02-02 10:09:37.000","Referral"
"1925752","Onboarding started","2026-02-04 15:12:21.000","Referral"
"1925752","Property is Published","2026-02-06 09:30:35.588","Referral"
"1925752","First Booking","2026-02-06 00:00:00.000","Referral"
"1925752","Second Booking","2026-02-08 00:00:00.000","Referral"
"1925752","First Stay","2026-02-12 00:00:00.000","Referral"
"1925753","Host Form Submission","2026-01-26 12:59:10.000","Marketing"
"1925754","Host Form Submission","2026-01-26 12:59:54.000","Marketing"
"1925754","SDR: Entered Backlog","2026-01-26 13:03:27.000","Marketing"
"1925754","SDR: Call Conducted","2026-01-26 17:32:50.000","Marketing"
"1925758","Host Form Submission","2026-01-26 13:07:09.000","Marketing"
"1925758","SDR: Entered Backlog","2026-01-26 13:08:27.000","Marketing"
"1925758","SM: Entered Lead Pool","2026-01-27 10:14:05.000","Marketing"
"1925758","SM: Intro Call Scheduled","2026-02-04 16:14:41.000","Marketing"
"1925759","Host Form Submission","2026-01-26 13:09:35.000","Marketing"
"1925759","SDR: Entered Backlog","2026-01-30 07:43:41.000","Marketing"
"1925759","SDR: Call Conducted","2026-01-30 10:35:39.000","Marketing"
"1925762","Host Form Submission","2026-01-26 13:27:53.000","Marketing"
"1925762","SDR: Entered Backlog","2026-01-26 13:36:23.000","Marketing"
"1925764","SM: Entered Lead Pool","2026-01-26 13:32:19.000",
"1925764","SM: Intro Call Scheduled","2026-01-26 13:32:16.000",
"1925764","SM: Intro Call Conducted","2026-01-26 13:32:46.000",
"1925764","SM: Meeting Scheduled","2026-02-13 16:41:12.000",
"1925764","SM: Contract Closed","2026-03-11 14:51:26.000",
"1925765","SM: Entered Lead Pool","2026-01-26 13:34:19.000","Referral"
"1925765","SM: Intro Call Scheduled","2026-01-26 13:34:16.000","Referral"
"1925765","SM: Intro Call Conducted","2026-01-26 13:34:57.000","Referral"
"1925765","SM: Meeting Scheduled","2026-01-26 13:35:18.000","Referral"
"1925765","SM: Meeting Conducted","2026-01-26 13:35:46.000","Referral"
"1925765","SM: Contract Closed","2026-01-26 13:36:07.000","Referral"
"1925765","Onboarding started","2026-02-23 09:45:26.000","Referral"
"1925765","Property is Published","2026-02-23 09:43:30.988","Referral"
"1925765","First Booking","2026-02-23 00:00:00.000","Referral"
"1925765","Second Booking","2026-04-12 00:00:00.000","Referral"
"1925766","SM: Entered Lead Pool","2026-01-26 13:37:11.000",
"1925766","SM: Intro Call Scheduled","2026-01-26 13:37:51.000",
"1925766","SM: Intro Call Conducted","2026-01-26 13:38:27.000",
"1925767","Host Form Submission","2026-01-26 13:52:38.000","Referral"
"1925768","Host Form Submission","2026-01-26 13:45:55.000","Marketing"
"1925768","SDR: Entered Backlog","2026-01-26 13:49:05.000","Marketing"
"1925768","SDR: Call Conducted","2026-01-27 15:44:30.000","Marketing"
"1925768","SM: Entered Lead Pool","2026-01-28 15:48:04.000","Marketing"
"1925768","SM: Intro Call Scheduled","2026-01-28 17:28:47.000","Marketing"
"1925768","SM: Intro Call Conducted","2026-02-05 15:40:13.000","Marketing"
"1925768","SM: Meeting Scheduled","2026-02-05 15:53:04.000","Marketing"
"1925773","Host Form Submission","2026-01-26 14:04:39.000","Marketing"
"1925773","SDR: Entered Backlog","2026-01-30 07:44:05.000","Marketing"
"1925773","SDR: Call Conducted","2026-02-02 15:25:36.000","Marketing"
"1925774","SM: Entered Lead Pool","2026-01-26 14:06:44.000","Referral"
"1925774","SM: Intro Call Scheduled","2026-01-26 14:06:41.000","Referral"
"1925774","SM: Intro Call Conducted","2026-01-26 14:13:50.000","Referral"
"1925774","SM: Meeting Scheduled","2026-01-29 16:10:16.000","Referral"
"1925774","SM: Meeting Conducted","2026-01-29 16:11:25.000","Referral"
"1925774","SM: Contract Closed","2026-01-29 16:11:35.000","Referral"
"1925774","Onboarding started","2026-01-30 09:19:30.000","Referral"
"1925774","Property is Published","2026-01-30 10:43:05.581","Referral"
"1925774","First Booking","2026-02-06 00:00:00.000","Referral"
"1925774","Second Booking","2026-02-13 00:00:00.000","Referral"
"1925774","First Stay","2026-02-20 00:00:00.000","Referral"
"1925777","Host Form Submission","2026-01-26 14:27:36.000","Marketing"
"1925777","SDR: Call Conducted","2026-01-26 14:51:15.000","Marketing"
"1925777","SM: Entered Lead Pool","2026-01-26 14:56:13.000","Marketing"
"1925779","Host Form Submission","2026-01-26 14:31:37.000","Marketing"
"1925779","SDR: Entered Backlog","2026-01-28 14:31:58.000","Marketing"
"1925779","SDR: Call Conducted","2026-01-29 11:40:27.000","Marketing"
"1925783","Host Form Submission","2026-01-26 14:39:57.000","Marketing"
"1925783","SM: Entered Lead Pool","2026-01-26 14:51:29.000","Marketing"
"1925783","SM: Intro Call Scheduled","2026-02-02 15:57:39.000","Marketing"
"1925783","SM: Intro Call Conducted","2026-02-02 15:58:15.000","Marketing"
"1925786","Host Form Submission","2026-01-26 14:43:32.000","Marketing"
"1925786","SDR: Entered Backlog","2026-01-28 14:44:38.000","Marketing"
"1925786","SDR: Call Conducted","2026-01-28 16:43:13.000","Marketing"
"1925787","SM: Intro Call Scheduled","2026-02-03 14:51:37.000",
"1925787","SM: Intro Call Conducted","2026-02-11 07:52:13.000",
"1925787","SM: Meeting Scheduled","2026-02-19 12:45:53.000",
"1925787","SM: Meeting Conducted","2026-02-19 12:46:40.000",
"1925788","Host Form Submission","2026-01-26 14:44:52.000","Marketing"
"1925790","Host Form Submission","2026-01-26 14:50:38.000","Marketing"
"1925790","SDR: Entered Backlog","2026-01-28 14:51:24.000","Marketing"
"1925790","SDR: Call Conducted","2026-01-28 17:49:25.000","Marketing"
"1925793","Host Form Submission","2026-01-26 14:58:57.000","Marketing"
"1925793","SDR: Entered Backlog","2026-01-28 14:59:41.000","Marketing"
"1925793","SDR: Call Conducted","2026-01-29 11:29:46.000","Marketing"
"1925793","SM: Entered Lead Pool","2026-02-04 14:53:49.000","Marketing"
"1925793","SM: Intro Call Scheduled","2026-02-05 16:46:08.000","Marketing"
"1925793","SM: Intro Call Conducted","2026-02-05 16:48:03.000","Marketing"
"1925807","Host Form Submission","2026-01-26 15:30:38.000","Marketing"
"1925808","SM: Entered Lead Pool","2026-01-26 15:37:46.000","Referral"
"1925808","SM: Intro Call Scheduled","2026-01-26 15:37:42.000","Referral"
"1925808","SM: Intro Call Conducted","2026-01-27 14:27:16.000","Referral"
"1925808","SM: Meeting Scheduled","2026-01-27 14:27:33.000","Referral"
"1925808","SM: Meeting Conducted","2026-01-27 14:28:16.000","Referral"
"1925808","SM: Contract Closed","2026-01-27 14:28:36.000","Referral"
"1925808","Onboarding started","2026-01-26 15:42:23.000","Referral"
"1925812","Host Form Submission","2026-01-26 15:46:59.000","Marketing"
"1925812","SDR: Entered Backlog","2026-01-28 15:47:38.000","Marketing"
"1925812","SDR: Call Conducted","2026-01-28 15:51:19.000","Marketing"
"1925812","SM: Entered Lead Pool","2026-01-28 15:57:33.000","Marketing"
"1925812","SM: Intro Call Scheduled","2026-01-28 16:08:31.000","Marketing"
"1925812","SM: Intro Call Conducted","2026-01-29 14:45:25.000","Marketing"
"1925812","SM: Meeting Scheduled","2026-01-30 15:58:50.000","Marketing"
"1925812","SM: Meeting Conducted","2026-02-04 10:05:29.000","Marketing"
"1925817","Host Form Submission","2026-01-26 15:49:54.000","Marketing"
"1925821","Host Form Submission","2026-01-26 15:54:19.000","Marketing"
"1925821","SDR: Entered Backlog","2026-01-28 15:54:32.000","Marketing"
"1925821","SDR: Call Conducted","2026-01-28 15:59:07.000","Marketing"
"1925823","Host Form Submission","2026-01-26 15:57:43.000","Marketing"
"1925823","SDR: Entered Backlog","2026-01-26 18:43:47.000","Marketing"
"1925823","SDR: Call Conducted","2026-01-27 09:57:37.000","Marketing"
"1925823","SM: Entered Lead Pool","2026-01-27 10:01:41.000","Marketing"
"1925823","SM: Intro Call Scheduled","2026-01-29 09:39:19.000","Marketing"
"1925823","SM: Intro Call Conducted","2026-01-29 09:39:34.000","Marketing"
"1925823","SM: Meeting Scheduled","2026-01-29 09:59:01.000","Marketing"
"1925823","SM: Meeting Conducted","2026-02-05 13:05:34.000","Marketing"
"1925823","SM: Contract Closed","2026-02-05 14:56:40.000","Marketing"
"1925823","Onboarding started","2026-02-05 15:03:01.000","Marketing"
"1925823","Property is Published","2026-02-10 16:06:48.475","Marketing"
"1925823","First Booking","2026-03-03 00:00:00.000","Marketing"
"1925825","Host Form Submission","2026-01-26 15:59:39.000","Marketing"
"1925825","SDR: Entered Backlog","2026-01-26 16:00:57.000","Marketing"
"1925825","SDR: Call Conducted","2026-01-27 11:47:40.000","Marketing"
"1925825","SM: Entered Lead Pool","2026-03-16 10:31:01.000","Marketing"
"1925825","SM: Intro Call Scheduled","2026-01-27 12:17:32.000","Marketing"
"1925825","SM: Meeting Conducted","2026-01-27 12:21:23.000","Marketing"
"1925826","SM: Entered Lead Pool","2026-01-26 16:02:07.000","Referral"
"1925826","SM: Intro Call Scheduled","2026-01-26 16:02:21.000","Referral"
"1925826","SM: Intro Call Conducted","2026-01-26 16:38:07.000","Referral"
"1925826","SM: Meeting Scheduled","2026-01-26 16:41:33.000","Referral"
"1925826","SM: Meeting Conducted","2026-01-26 16:41:59.000","Referral"
"1925829","Host Form Submission","2026-01-26 16:04:36.000","Marketing"
"1925829","SDR: Entered Backlog","2026-01-28 16:05:07.000","Marketing"
"1925829","SDR: Call Conducted","2026-01-28 16:16:30.000","Marketing"
"1925830","Host Form Submission","2026-01-26 16:05:52.000","Marketing"
"1925830","SM: Entered Lead Pool","2026-01-26 16:06:09.000","Marketing"
"1925830","SM: Intro Call Scheduled","2026-01-26 16:58:36.000","Marketing"
"1925830","SM: Intro Call Conducted","2026-01-26 16:59:23.000","Marketing"
"1925831","Host Form Submission","2026-01-26 16:08:15.000","Marketing"
"1925831","SDR: Entered Backlog","2026-01-30 07:44:05.000","Marketing"
"1925831","SM: Entered Lead Pool","2026-01-30 12:04:06.000","Marketing"
"1925831","SM: Intro Call Scheduled","2026-02-02 15:18:47.000","Marketing"
"1925831","SM: Meeting Conducted","2026-03-03 16:43:52.000","Marketing"
"1925832","SM: Entered Lead Pool","2026-01-26 16:10:20.000","Referral"
"1925832","SM: Intro Call Scheduled","2026-01-26 16:10:16.000","Referral"
"1925832","SM: Intro Call Conducted","2026-01-26 16:17:56.000","Referral"
"1925832","SM: Meeting Scheduled","2026-01-30 09:47:45.000","Referral"
"1925832","SM: Meeting Conducted","2026-01-30 09:47:53.000","Referral"
"1925832","SM: Contract Closed","2026-01-30 09:48:08.000","Referral"
"1925832","Onboarding started","2026-01-30 09:51:38.000","Referral"
"1925833","SM: Entered Lead Pool","2026-01-26 16:12:06.000",
"1925834","Host Form Submission","2026-01-26 16:13:01.000","Marketing"
"1925834","SDR: Entered Backlog","2026-01-30 07:42:26.000","Marketing"
"1925834","SDR: Call Conducted","2026-01-30 10:04:41.000","Marketing"
"1925835","Host Form Submission","2026-01-26 16:14:48.000","Marketing"
"1925835","SDR: Entered Backlog","2026-01-26 16:15:25.000","Marketing"
"1925835","SM: Entered Lead Pool","2026-01-27 09:20:39.000","Marketing"
"1925835","SM: Intro Call Scheduled","2026-02-02 09:24:44.000","Marketing"
"1925835","SM: Intro Call Conducted","2026-02-02 15:10:54.000","Marketing"
"1925835","SM: Meeting Scheduled","2026-02-02 09:44:29.000","Marketing"
"1925835","SM: Meeting Conducted","2026-02-04 15:09:59.000","Marketing"
"1925836","Host Form Submission","2026-01-26 16:18:58.000","Marketing"
"1925836","SDR: Entered Backlog","2026-01-30 07:44:05.000","Marketing"
"1925836","SDR: Call Conducted","2026-01-30 10:13:00.000","Marketing"
"1925839","Host Form Submission","2026-01-26 16:30:07.000","Marketing"
"1925840","Host Form Submission","2026-01-26 16:33:10.000","Marketing"
"1925840","SDR: Entered Backlog","2026-01-30 07:44:05.000","Marketing"
"1925840","SDR: Call Conducted","2026-01-30 11:45:58.000","Marketing"
"1925840","SM: Entered Lead Pool","2026-02-10 19:03:02.000","Marketing"
"1925840","SM: Intro Call Scheduled","2026-02-23 11:03:59.000","Marketing"
"1925840","SM: Intro Call Conducted","2026-02-27 09:51:32.000","Marketing"
"1925840","SM: Meeting Scheduled","2026-02-27 09:52:57.000","Marketing"
"1925842","Host Form Submission","2026-01-26 16:38:56.000","Marketing"
"1925842","SDR: Entered Backlog","2026-01-28 16:39:54.000","Marketing"
"1925842","SDR: Call Conducted","2026-01-28 17:44:24.000","Marketing"
"1925843","Host Form Submission","2026-01-26 16:43:04.000","Marketing"
"1925847","Host Form Submission","2026-01-26 17:06:19.000","Marketing"
"1925849","Host Form Submission","2026-01-26 17:12:26.000","Referral"
"1925849","SM: Entered Lead Pool","2026-04-10 07:20:23.000","Referral"
"1925852","Host Form Submission","2026-01-26 17:33:25.000","Marketing"
"1925852","SDR: Entered Backlog","2026-01-26 18:41:28.000","Marketing"
"1925852","SDR: Call Conducted","2026-01-27 11:37:07.000","Marketing"
"1925852","SM: Entered Lead Pool","2026-01-27 15:23:32.000","Marketing"
"1925852","SM: Intro Call Scheduled","2026-01-27 16:26:06.000","Marketing"
"1925852","SM: Intro Call Conducted","2026-01-29 13:28:00.000","Marketing"
"1925852","SM: Meeting Scheduled","2026-01-29 13:28:25.000","Marketing"
"1925852","SM: Meeting Conducted","2026-01-29 14:14:18.000","Marketing"
"1925852","SM: Contract Closed","2026-01-29 14:24:40.000","Marketing"
"1925853","Host Form Submission","2026-01-26 17:35:25.000","Marketing"
"1925853","SDR: Entered Backlog","2026-01-26 17:36:41.000","Marketing"
"1925853","SM: Intro Call Scheduled","2026-02-23 14:21:03.000","Marketing"
"1925853","SM: Intro Call Conducted","2026-02-23 14:21:48.000","Marketing"
"1925853","SM: Meeting Scheduled","2026-03-04 13:51:28.000","Marketing"
"1925854","Host Form Submission","2026-01-26 17:36:59.000","Marketing"
"1925854","SDR: Entered Backlog","2026-01-30 07:52:36.000","Marketing"
"1925854","SDR: Call Conducted","2026-02-02 14:08:34.000","Marketing"
"1925854","SM: Entered Lead Pool","2026-02-02 14:47:18.000","Marketing"
"1925854","SM: Intro Call Scheduled","2026-02-03 17:38:56.000","Marketing"
"1925854","SM: Intro Call Conducted","2026-03-26 12:43:17.000","Marketing"
"1925856","Host Form Submission","2026-01-26 17:59:48.000","Marketing"
"1925859","Host Form Submission","2026-01-26 18:09:14.000","Marketing"
"1925860","Host Form Submission","2026-01-26 18:09:18.000","Marketing"
"1925860","SDR: Entered Backlog","2026-01-26 18:09:43.000","Marketing"
"1925861","Host Form Submission","2026-01-26 18:12:20.000","Marketing"
"1925861","SDR: Entered Backlog","2026-01-28 18:13:28.000","Marketing"
"1925861","SDR: Call Conducted","2026-01-29 11:26:44.000","Marketing"
"1925862","Host Form Submission","2026-01-26 18:39:47.000","Marketing"
"1925863","Host Form Submission","2026-01-26 19:07:40.000","Marketing"
"1925863","SDR: Entered Backlog","2026-01-28 19:08:42.000","Marketing"
"1925864","Host Form Submission","2026-01-26 19:18:01.000","Marketing"
"1925864","SDR: Entered Backlog","2026-01-30 07:44:05.000","Marketing"
"1925865","Host Form Submission","2026-01-26 19:20:02.000","Marketing"
"1925866","Host Form Submission","2026-01-26 19:24:47.000","Marketing"
"1925867","Host Form Submission","2026-01-26 19:41:12.000","Referral"
"1925867","SM: Entered Lead Pool","2026-01-26 19:44:11.000","Referral"
"1925867","SM: Intro Call Scheduled","2026-02-05 07:19:29.000","Referral"
"1925868","Host Form Submission","2026-01-26 19:44:00.000","Referral"
"1925868","SM: Entered Lead Pool","2026-01-26 19:47:55.000","Referral"
"1925868","SM: Intro Call Scheduled","2026-01-27 14:51:18.000","Referral"
"1925868","SM: Intro Call Conducted","2026-01-27 14:53:30.000","Referral"
"1925868","SM: Meeting Scheduled","2026-01-27 14:53:51.000","Referral"
"1925868","SM: Meeting Conducted","2026-01-27 14:54:06.000","Referral"
"1925868","SM: Contract Closed","2026-01-27 14:54:16.000","Referral"
"1925868","Onboarding started","2026-01-27 14:57:36.000","Referral"
"1925868","Property is Published","2026-02-06 13:34:43.540","Referral"
"1925868","First Booking","2026-02-13 00:00:00.000","Referral"
"1925868","Second Booking","2026-02-21 00:00:00.000","Referral"
"1925868","First Stay","2026-02-16 00:00:00.000","Referral"
"1925869","Host Form Submission","2026-01-26 20:07:37.000","Marketing"
"1925869","SDR: Entered Backlog","2026-01-28 20:07:59.000","Marketing"
"1925869","SDR: Call Conducted","2026-01-29 16:20:45.000","Marketing"
"1925870","Host Form Submission","2026-01-26 20:22:09.000","Marketing"
"1925870","SDR: Entered Backlog","2026-01-26 20:23:16.000","Marketing"
"1925870","SM: Entered Lead Pool","2026-01-27 08:42:16.000","Marketing"
"1925870","SM: Intro Call Scheduled","2026-02-16 12:29:36.000","Marketing"
"1925870","SM: Intro Call Conducted","2026-02-16 14:28:39.000","Marketing"
"1925870","SM: Meeting Scheduled","2026-02-16 14:29:04.000","Marketing"
"1925870","SM: Meeting Conducted","2026-03-05 17:34:58.000","Marketing"
"1925870","SM: Contract Closed","2026-03-27 11:32:59.000","Marketing"
"1925870","Onboarding started","2026-03-27 15:43:33.000","Marketing"
"1925870","Property is Published","2026-03-27 15:42:08.947","Marketing"
"1925870","First Booking","2026-03-28 00:00:00.000","Marketing"
"1925870","Second Booking","2026-03-31 00:00:00.000","Marketing"
"1925870","First Stay","2026-04-03 00:00:00.000","Marketing"
"1925871","Host Form Submission","2026-01-26 20:29:17.000","Marketing"
"1925871","SDR: Entered Backlog","2026-01-30 07:51:31.000","Marketing"
"1925871","SDR: Call Conducted","2026-01-30 16:00:51.000","Marketing"
"1925871","SM: Entered Lead Pool","2026-02-02 15:35:22.000","Marketing"
"1925871","SM: Intro Call Scheduled","2026-02-03 14:55:12.000","Marketing"
"1925871","SM: Intro Call Conducted","2026-02-04 17:54:32.000","Marketing"
"1925871","SM: Meeting Scheduled","2026-02-04 17:54:47.000","Marketing"
"1925871","SM: Meeting Conducted","2026-02-04 17:55:08.000","Marketing"
"1925871","SM: Contract Closed","2026-02-04 17:55:39.000","Marketing"
"1925871","Property is Published","2024-03-06 18:04:38.247","Marketing"
"1925871","First Booking","2024-03-11 00:00:00.000","Marketing"
"1925871","Second Booking","2024-03-14 00:00:00.000","Marketing"
"1925871","First Stay","2024-03-21 00:00:00.000","Marketing"
"1925872","Host Form Submission","2026-01-26 20:32:08.000","Marketing"
"1925873","Host Form Submission","2026-01-26 20:36:40.000","Marketing"
"1925873","SDR: Entered Backlog","2026-01-30 07:44:39.000","Marketing"
"1925873","SDR: Call Conducted","2026-01-30 09:06:53.000","Marketing"
"1925874","Host Form Submission","2026-01-26 20:45:49.000","Marketing"
"1925874","SDR: Entered Backlog","2026-01-28 16:22:21.000","Marketing"
"1925874","SDR: Call Conducted","2026-01-29 10:22:45.000","Marketing"
"1925874","SM: Entered Lead Pool","2026-01-29 23:53:14.000","Marketing"
"1925874","SM: Intro Call Scheduled","2026-01-30 09:31:07.000","Marketing"
"1925874","SM: Intro Call Conducted","2026-01-30 09:32:36.000","Marketing"
"1925874","SM: Meeting Scheduled","2026-01-30 09:32:47.000","Marketing"
"1925874","SM: Meeting Conducted","2026-01-30 09:33:00.000","Marketing"
"1925874","SM: Contract Closed","2026-01-30 16:47:15.000","Marketing"
"1925875","SM: Intro Call Scheduled","2026-01-28 07:35:32.000",
"1925875","SM: Contract Closed","2026-01-28 16:44:41.000",
"1925875","Onboarding started","2026-01-28 17:04:47.000",
"1925875","Property is Published","2026-01-29 15:04:41.148",
"1925875","First Booking","2026-02-03 00:00:00.000",
"1925875","Second Booking","2026-02-20 00:00:00.000",
"1925875","First Stay","2026-03-29 00:00:00.000",
"1925876","Host Form Submission","2026-01-26 20:57:19.000","Marketing"
"1925876","SDR: Entered Backlog","2026-01-30 07:43:41.000","Marketing"
"1925876","SDR: Call Conducted","2026-01-30 10:34:19.000","Marketing"
"1925876","SM: Entered Lead Pool","2026-02-02 17:27:31.000","Marketing"
"1925876","SM: Intro Call Scheduled","2026-02-18 15:00:12.000","Marketing"
"1925876","SM: Intro Call Conducted","2026-02-18 15:00:27.000","Marketing"
"1925876","SM: Meeting Scheduled","2026-02-23 08:51:37.000","Marketing"
"1925876","SM: Meeting Conducted","2026-02-23 09:37:01.000","Marketing"
"1925876","SM: Contract Closed","2026-02-23 13:13:18.000","Marketing"
"1925876","Onboarding started","2026-03-19 08:28:04.000","Marketing"
"1925876","Property is Published","2026-03-19 08:21:12.631","Marketing"
"1925876","First Booking","2026-03-19 00:00:00.000","Marketing"
"1925876","Second Booking","2026-03-22 00:00:00.000","Marketing"
"1925877","Host Form Submission","2026-01-26 21:28:50.000","Marketing"
"1925878","Host Form Submission","2026-01-26 21:57:54.000","Marketing"
"1925878","SDR: Entered Backlog","2026-01-26 22:04:01.000","Marketing"
"1925878","SM: Entered Lead Pool","2026-01-26 22:20:07.000","Marketing"
"1925878","SM: Intro Call Scheduled","2026-01-27 11:02:53.000","Marketing"
"1925878","SM: Intro Call Conducted","2026-01-28 11:24:19.000","Marketing"
"1925878","SM: Meeting Scheduled","2026-01-29 10:51:42.000","Marketing"
"1925878","SM: Meeting Conducted","2026-02-04 08:16:49.000","Marketing"
"1925878","SM: Contract Closed","2026-02-04 08:17:06.000","Marketing"
"1925878","Onboarding started","2026-02-04 08:20:40.000","Marketing"
"1925879","Host Form Submission","2026-01-27 00:04:31.000","Marketing"
"1925879","SDR: Entered Backlog","2026-01-27 00:09:46.000","Marketing"
"1925879","SDR: Call Conducted","2026-01-27 15:39:25.000","Marketing"
"1925880","Host Form Submission","2026-01-27 00:31:49.000","Marketing"
"1925880","SM: Entered Lead Pool","2026-01-27 00:34:58.000","Marketing"
"1925880","SM: Intro Call Scheduled","2026-01-27 11:30:32.000","Marketing"
"1925880","SM: Intro Call Conducted","2026-01-27 11:31:11.000","Marketing"
"1925881","Host Form Submission","2026-01-27 04:21:41.000","Marketing"
"1925882","Host Form Submission","2026-01-27 06:44:35.000","Marketing"
"1925882","SDR: Entered Backlog","2026-01-29 06:45:12.000","Marketing"
"1925882","SDR: Call Conducted","2026-01-29 10:27:22.000","Marketing"
"1925882","SM: Entered Lead Pool","2026-01-29 10:30:40.000","Marketing"
"1925882","SM: Intro Call Scheduled","2026-02-06 09:36:54.000","Marketing"
"1925882","SM: Intro Call Conducted","2026-02-06 10:08:48.000","Marketing"
"1925882","SM: Meeting Scheduled","2026-02-06 10:08:55.000","Marketing"
"1925883","Host Form Submission","2026-01-27 06:47:46.000","Marketing"
"1925885","Host Form Submission","2026-01-27 06:58:17.000","Marketing"
"1925885","SDR: Entered Backlog","2026-01-29 06:58:56.000","Marketing"
"1925885","SDR: Call Conducted","2026-01-29 11:25:15.000","Marketing"
"1925886","Host Form Submission","2026-01-27 06:59:21.000","Marketing"
"1925886","SDR: Entered Backlog","2026-01-30 07:52:28.000","Marketing"
"1925886","SDR: Call Conducted","2026-01-30 09:37:03.000","Marketing"
"1925888","Host Form Submission","2026-01-27 07:44:46.000","Marketing"
"1925889","Host Form Submission","2026-01-27 07:48:20.000","Marketing"
"1925889","SDR: Entered Backlog","2026-01-27 07:58:41.000","Marketing"
"1925889","SDR: Call Conducted","2026-01-27 15:01:15.000","Marketing"
"1925889","SM: Entered Lead Pool","2026-01-28 15:13:11.000","Marketing"
"1925889","SM: Intro Call Scheduled","2026-01-28 15:16:05.000","Marketing"
"1925889","SM: Intro Call Conducted","2026-01-28 16:40:58.000","Marketing"
"1925889","SM: Meeting Scheduled","2026-01-28 16:43:30.000","Marketing"
"1925890","Host Form Submission","2026-01-27 07:52:09.000","Marketing"
"1925890","SDR: Entered Backlog","2026-01-29 07:53:10.000","Marketing"
"1925890","SDR: Call Conducted","2026-01-29 11:13:48.000","Marketing"
"1925891","Host Form Submission","2026-01-27 08:05:18.000","Referral"
"1925891","SDR: Entered Backlog","2026-01-27 08:17:12.000","Referral"
"1925891","SM: Entered Lead Pool","2026-01-27 08:44:19.000","Referral"
"1925891","SM: Intro Call Scheduled","2026-01-27 15:20:41.000","Referral"
"1925891","SM: Intro Call Conducted","2026-01-28 08:25:44.000","Referral"
"1925891","SM: Meeting Scheduled","2026-01-29 09:20:24.000","Referral"
"1925891","SM: Meeting Conducted","2026-01-29 09:20:53.000","Referral"
"1925891","SM: Contract Closed","2026-01-29 09:21:09.000","Referral"
"1925891","Onboarding started","2026-01-29 09:41:06.000","Referral"
"1925893","SM: Intro Call Scheduled","2026-01-27 08:09:01.000","Referral"
"1925893","SM: Intro Call Conducted","2026-01-27 08:16:47.000","Referral"
"1925893","SM: Meeting Scheduled","2026-01-27 08:35:05.000","Referral"
"1925893","SM: Meeting Conducted","2026-01-27 14:16:35.000","Referral"
"1925894","Host Form Submission","2026-01-27 08:09:13.000","Marketing"
"1925894","SDR: Entered Backlog","2026-01-27 08:14:57.000","Marketing"
"1925894","SM: Entered Lead Pool","2026-01-27 08:35:08.000","Marketing"
"1925894","Property is Published","2025-10-30 18:44:09.698","Marketing"
"1925894","First Booking","2026-01-14 00:00:00.000","Marketing"
"1925894","Second Booking","2026-01-18 00:00:00.000","Marketing"
"1925894","First Stay","2026-03-18 00:00:00.000","Marketing"
"1925908","SM: Entered Lead Pool","2026-01-27 08:39:54.000","Referral"
"1925908","SM: Intro Call Scheduled","2026-01-27 11:10:58.000","Referral"
"1925908","SM: Intro Call Conducted","2026-01-27 11:11:28.000","Referral"
"1925908","SM: Meeting Scheduled","2026-01-27 13:58:56.000","Referral"
"1925908","SM: Meeting Conducted","2026-01-30 10:29:08.000","Referral"
"1925908","SM: Contract Closed","2026-02-03 16:02:31.000","Referral"
"1925908","Onboarding started","2026-02-09 10:32:41.000","Referral"
"1925908","Property is Published","2026-02-10 13:41:15.908","Referral"
"1925908","First Booking","2026-04-15 00:00:00.000","Referral"
"1925910","SM: Entered Lead Pool","2026-01-27 08:45:00.000",
"1925913","Host Form Submission","2026-01-27 08:56:37.000","Marketing"
"1925913","SDR: Entered Backlog","2026-01-27 08:57:23.000","Marketing"
"1925913","SDR: Call Conducted","2026-01-27 15:41:52.000","Marketing"
"1925914","Host Form Submission","2026-01-27 09:03:12.000","Marketing"
"1925914","SDR: Entered Backlog","2026-01-30 07:43:41.000","Marketing"
"1925914","SDR: Call Conducted","2026-01-30 10:56:43.000","Marketing"
"1925914","SM: Meeting Conducted","2026-02-10 12:30:57.000","Marketing"
"1925914","SM: Contract Closed","2026-02-12 16:38:39.000","Marketing"
"1925914","Onboarding started","2026-02-12 17:24:32.000","Marketing"
"1925916","Host Form Submission","2026-01-27 09:12:15.000","Marketing"
"1925916","SDR: Entered Backlog","2026-03-30 09:53:41.000","Marketing"
"1925918","SM: Entered Lead Pool","2026-01-27 09:20:38.000","Referral"
"1925918","SM: Intro Call Scheduled","2026-01-27 09:21:01.000","Referral"
"1925918","SM: Intro Call Conducted","2026-01-27 09:21:15.000","Referral"
"1925918","SM: Meeting Scheduled","2026-01-27 09:21:27.000","Referral"
"1925919","Host Form Submission","2026-01-27 09:30:40.000","Marketing"
"1925919","SDR: Entered Backlog","2026-01-27 09:31:57.000","Marketing"
"1925920","Host Form Submission","2026-01-27 09:33:42.000","Marketing"
"1925920","SDR: Entered Backlog","2026-01-29 09:34:05.000","Marketing"
"1925920","SDR: Call Conducted","2026-01-29 10:20:05.000","Marketing"
"1925921","Host Form Submission","2026-01-27 09:40:44.000","Marketing"
"1925921","SM: Entered Lead Pool","2026-01-27 09:41:21.000","Marketing"
"1925921","SM: Intro Call Scheduled","2026-01-29 10:20:41.000","Marketing"
"1925921","SM: Intro Call Conducted","2026-01-29 10:33:45.000","Marketing"
"1925922","Host Form Submission","2026-01-27 09:52:04.000","Marketing"
"1925922","SDR: Entered Backlog","2026-01-29 09:53:19.000","Marketing"
"1925922","SDR: Call Conducted","2026-01-29 10:15:08.000","Marketing"
"1925925","Host Form Submission","2026-01-27 09:59:47.000","Marketing"
"1925925","SM: Entered Lead Pool","2026-01-27 10:00:32.000","Marketing"
"1925925","SM: Intro Call Scheduled","2026-01-29 14:42:24.000","Marketing"
"1925926","Host Form Submission","2026-01-27 10:06:15.000","Referral"
"1925926","SM: Entered Lead Pool","2026-01-27 10:17:30.000","Referral"
"1925926","SM: Intro Call Scheduled","2026-02-09 15:29:43.000","Referral"
"1925926","SM: Intro Call Conducted","2026-02-09 15:30:31.000","Referral"
"1925929","Host Form Submission","2026-01-27 10:17:56.000","Referral"
"1925929","SM: Entered Lead Pool","2026-01-27 10:21:27.000","Referral"
"1925929","SM: Intro Call Scheduled","2026-01-28 11:01:40.000","Referral"
"1925929","SM: Intro Call Conducted","2026-01-28 11:01:53.000","Referral"
"1925929","SM: Meeting Conducted","2026-01-30 13:52:12.000","Referral"
"1925929","SM: Contract Closed","2026-02-18 10:30:07.000","Referral"
"1925929","Onboarding started","2026-02-23 15:25:18.000","Referral"
"1925929","Property is Published","2026-02-23 15:19:57.210","Referral"
"1925929","First Booking","2026-03-23 00:00:00.000","Referral"
"1925929","Second Booking","2026-03-24 00:00:00.000","Referral"
"1925931","SM: Entered Lead Pool","2026-01-27 10:23:01.000",
"1925931","SM: Intro Call Scheduled","2026-01-27 11:01:18.000",
"1925931","SM: Intro Call Conducted","2026-01-27 11:02:40.000",
"1925931","SM: Meeting Scheduled","2026-02-05 09:50:20.000",
"1925934","Host Form Submission","2026-01-27 10:29:23.000","Marketing"
"1925934","SDR: Entered Backlog","2026-01-27 10:34:49.000","Marketing"
"1925934","SM: Entered Lead Pool","2026-01-27 11:51:58.000","Marketing"
"1925934","SM: Intro Call Scheduled","2026-01-27 15:26:25.000","Marketing"
"1925934","SM: Intro Call Conducted","2026-01-27 15:26:27.000","Marketing"
"1925934","SM: Meeting Scheduled","2026-01-27 15:26:48.000","Marketing"
"1925934","SM: Meeting Conducted","2026-01-28 18:31:47.000","Marketing"
"1925934","SM: Contract Closed","2026-01-29 10:00:40.000","Marketing"
"1925934","Onboarding started","2026-01-29 13:38:18.000","Marketing"
"1925934","Property is Published","2026-01-30 12:42:26.566","Marketing"
"1925934","First Booking","2026-02-04 00:00:00.000","Marketing"
"1925934","Second Booking","2026-02-04 00:00:00.000","Marketing"
"1925934","First Stay","2026-02-12 00:00:00.000","Marketing"
"1925940","Host Form Submission","2026-01-27 10:36:55.000","Marketing"
"1925940","SDR: Entered Backlog","2026-01-27 10:40:25.000","Marketing"
"1925940","SDR: Call Conducted","2026-01-27 11:25:13.000","Marketing"
"1925940","SM: Entered Lead Pool","2026-01-27 11:34:44.000","Marketing"
"1925940","SM: Intro Call Scheduled","2026-01-28 17:28:37.000","Marketing"
"1925940","SM: Meeting Scheduled","2026-02-09 16:45:11.000","Marketing"
"1925942","Host Form Submission","2026-01-27 10:37:12.000","Marketing"
"1925942","SDR: Entered Backlog","2026-01-27 10:38:39.000","Marketing"
"1925945","SM: Entered Lead Pool","2026-01-27 10:46:15.000","Referral"
"1925945","SM: Intro Call Scheduled","2026-01-27 10:47:01.000","Referral"
"1925945","SM: Intro Call Conducted","2026-01-27 10:48:54.000","Referral"
"1925945","SM: Meeting Scheduled","2026-01-27 13:15:29.000","Referral"
"1925947","SM: Entered Lead Pool","2026-01-27 10:47:55.000",
"1925954","SM: Entered Lead Pool","2026-01-27 10:58:42.000","Sales Team Activity"
"1925954","SM: Intro Call Scheduled","2026-01-27 11:00:02.000","Sales Team Activity"
"1925954","SM: Intro Call Conducted","2026-01-27 11:00:49.000","Sales Team Activity"
"1925960","Host Form Submission","2026-01-27 11:12:01.000","Marketing"
"1925960","SDR: Entered Backlog","2026-01-27 11:17:20.000","Marketing"
"1925960","SDR: Call Conducted","2026-01-27 11:32:47.000","Marketing"
"1925960","SM: Entered Lead Pool","2026-01-28 17:06:34.000","Marketing"
"1925963","Host Form Submission","2026-01-27 11:15:59.000","Marketing"
"1925963","SDR: Entered Backlog","2026-01-27 11:29:51.000","Marketing"
"1925963","SDR: Call Conducted","2026-01-27 11:34:49.000","Marketing"
"1925965","Host Form Submission","2026-01-27 11:20:33.000","Marketing"
"1925965","SDR: Entered Backlog","2026-01-30 07:44:05.000","Marketing"
"1925965","SM: Entered Lead Pool","2026-02-02 17:09:43.000","Marketing"
"1925967","Host Form Submission","2026-01-27 11:30:53.000","Marketing"
"1925968","SM: Entered Lead Pool","2026-01-27 11:32:05.000","Sales Team Activity"
"1925968","SM: Intro Call Scheduled","2026-01-27 11:32:03.000","Sales Team Activity"
"1925969","Host Form Submission","2026-01-27 11:57:56.000","Marketing"
"1925969","SDR: Entered Backlog","2026-01-30 07:43:41.000","Marketing"
"1925970","Host Form Submission","2026-01-27 12:03:35.000","Marketing"
"1925971","Host Form Submission","2026-01-27 12:12:57.000","Marketing"
"1925972","Host Form Submission","2026-01-27 12:19:49.000","Marketing"
"1925973","Host Form Submission","2026-01-27 12:23:29.000","Marketing"
"1925973","SDR: Entered Backlog","2026-01-27 12:30:40.000","Marketing"
"1925975","SDR: Entered Backlog","2026-01-27 12:35:08.000",
"1925976","Host Form Submission","2026-01-27 12:35:47.000","Marketing"
"1925976","SDR: Entered Backlog","2026-01-29 12:36:04.000","Marketing"
"1925976","SDR: Call Conducted","2026-01-30 12:04:24.000","Marketing"
"1925979","Host Form Submission","2026-01-27 12:44:54.000","Marketing"
"1925986","Host Form Submission","2026-01-27 12:56:31.000","Marketing"
"1925986","SM: Entered Lead Pool","2026-04-10 07:20:23.000","Marketing"
"1925988","Host Form Submission","2026-01-27 12:57:55.000","Marketing"
"1925990","Host Form Submission","2026-01-27 13:00:03.000","Marketing"
"1925990","SDR: Entered Backlog","2026-01-30 07:49:29.000","Marketing"
"1925990","SDR: Call Conducted","2026-01-30 10:00:20.000","Marketing"
"1925996","Host Form Submission","2026-01-27 13:17:53.000","Marketing"
"1925996","SDR: Entered Backlog","2026-01-30 07:43:41.000","Marketing"
"1925996","SDR: Call Conducted","2026-02-02 09:10:08.000","Marketing"
"1926001","Host Form Submission","2026-01-27 13:34:00.000","Marketing"
"1926001","SDR: Entered Backlog","2026-03-30 09:53:41.000","Marketing"
"1926001","SM: Entered Lead Pool","2026-04-01 11:29:42.000","Marketing"
"1926001","SM: Intro Call Scheduled","2026-04-01 13:22:45.000","Marketing"
"1926003","Host Form Submission","2026-01-27 13:38:25.000","Marketing"
"1926005","Host Form Submission","2026-01-27 13:45:41.000","Marketing"
"1926011","Host Form Submission","2026-01-27 14:12:19.000","Marketing"
"1926011","SDR: Entered Backlog","2026-01-27 14:12:50.000","Marketing"
"1926011","SM: Entered Lead Pool","2026-01-28 07:45:31.000","Marketing"
"1926011","SM: Intro Call Scheduled","2026-01-28 07:46:21.000","Marketing"
"1926011","SM: Intro Call Conducted","2026-01-30 09:10:56.000","Marketing"
"1926011","SM: Meeting Scheduled","2026-02-06 09:37:03.000","Marketing"
"1926011","SM: Meeting Conducted","2026-02-06 09:37:17.000","Marketing"
"1926011","SM: Contract Closed","2026-02-06 09:37:25.000","Marketing"
"1926011","Onboarding started","2026-02-06 09:36:49.000","Marketing"
"1926012","SM: Entered Lead Pool","2026-01-27 14:19:24.000",
"1926012","SM: Intro Call Scheduled","2026-01-27 14:19:19.000",
"1926012","SM: Intro Call Conducted","2026-01-27 14:27:04.000",
"1926012","SM: Meeting Scheduled","2026-01-27 14:28:12.000",
"1926012","SM: Meeting Conducted","2026-02-02 15:13:54.000",
"1926013","Host Form Submission","2026-01-27 14:22:53.000","Marketing"
"1926015","Host Form Submission","2026-01-27 14:23:21.000","Marketing"
"1926015","SDR: Entered Backlog","2026-01-27 14:24:52.000","Marketing"
"1926015","SM: Entered Lead Pool","2026-01-27 15:04:17.000","Marketing"
"1926015","SM: Intro Call Scheduled","2026-01-27 15:09:10.000","Marketing"
"1926015","SM: Intro Call Conducted","2026-01-29 09:50:19.000","Marketing"
"1926015","SM: Meeting Scheduled","2026-01-29 09:50:49.000","Marketing"
"1926015","SM: Meeting Conducted","2026-01-29 09:51:04.000","Marketing"
"1926018","SM: Entered Lead Pool","2026-01-27 14:27:29.000",
"1926018","SM: Intro Call Scheduled","2026-02-06 09:06:20.000",
"1926018","SM: Meeting Conducted","2026-02-06 10:17:24.000",
"1926018","SM: Contract Closed","2026-04-10 12:43:33.000",
"1926018","Onboarding started","2026-04-16 07:32:34.000",
"1926018","Property is Published","2026-04-16 07:37:01.123",
"1926021","Host Form Submission","2026-01-27 14:29:21.000","Marketing"
"1926021","SDR: Entered Backlog","2026-01-29 14:30:13.000","Marketing"
"1926021","SDR: Call Conducted","2026-01-30 10:23:58.000","Marketing"
"1926021","SM: Entered Lead Pool","2026-02-04 11:48:44.000","Marketing"
"1926021","SM: Intro Call Scheduled","2026-02-05 16:17:28.000","Marketing"
"1926021","SM: Intro Call Conducted","2026-02-05 17:19:21.000","Marketing"
"1926022","Host Form Submission","2026-01-27 14:30:30.000","Marketing"
"1926022","SDR: Entered Backlog","2026-01-29 14:31:05.000","Marketing"
"1926022","SDR: Call Conducted","2026-01-30 16:02:19.000","Marketing"
"1926023","Host Form Submission","2026-01-27 14:34:35.000","Marketing"
"1926023","SDR: Entered Backlog","2026-01-30 07:43:41.000","Marketing"
"1926023","SDR: Call Conducted","2026-02-02 09:07:59.000","Marketing"
"1926023","SM: Entered Lead Pool","2026-02-06 10:25:12.000","Marketing"
"1926023","SM: Intro Call Scheduled","2026-02-06 10:25:31.000","Marketing"
"1926023","SM: Intro Call Conducted","2026-02-17 13:10:24.000","Marketing"
"1926023","SM: Meeting Scheduled","2026-02-17 13:11:23.000","Marketing"
"1926023","SM: Meeting Conducted","2026-02-17 13:13:00.000","Marketing"
"1926023","SM: Contract Closed","2026-02-17 13:13:33.000","Marketing"
"1926023","Property is Published","2026-02-23 17:26:25.128","Marketing"
"1926023","First Booking","2026-02-27 00:00:00.000","Marketing"
"1926023","Second Booking","2026-03-02 00:00:00.000","Marketing"
"1926024","SM: Entered Lead Pool","2026-01-27 14:34:58.000","Sales Team Activity"
"1926024","SM: Intro Call Scheduled","2026-01-27 14:35:15.000","Sales Team Activity"
"1926031","SM: Entered Lead Pool","2026-01-27 14:51:37.000","Sales Team Activity"
"1926031","SM: Intro Call Scheduled","2026-01-27 14:51:50.000","Sales Team Activity"
"1926031","SM: Intro Call Conducted","2026-01-27 14:52:16.000","Sales Team Activity"
"1926031","SM: Meeting Scheduled","2026-01-27 14:53:43.000","Sales Team Activity"
"1926036","Host Form Submission","2026-01-27 14:59:49.000","Marketing"
"1926036","SDR: Entered Backlog","2026-01-29 14:59:26.000","Marketing"
"1926036","SDR: Call Conducted","2026-01-29 16:19:06.000","Marketing"
"1926038","SM: Entered Lead Pool","2026-01-27 14:59:45.000","Sales Team Activity"
"1926038","SM: Intro Call Scheduled","2026-01-27 15:00:05.000","Sales Team Activity"
"1926043","SM: Entered Lead Pool","2026-01-27 15:04:38.000",
"1926043","SM: Intro Call Scheduled","2026-01-27 15:04:35.000",
"1926043","SM: Intro Call Conducted","2026-01-27 15:04:58.000",
"1926043","SM: Meeting Scheduled","2026-01-27 15:09:01.000",
"1926043","SM: Meeting Conducted","2026-01-27 15:09:11.000",
"1926043","SM: Contract Closed","2026-01-27 15:09:23.000",
"1926044","SM: Entered Lead Pool","2026-01-27 15:08:04.000","Scraping"
"1926044","SM: Intro Call Scheduled","2026-01-27 15:08:01.000","Scraping"
"1926044","SM: Contract Closed","2026-01-27 15:08:43.000","Scraping"
"1926044","Onboarding started","2026-02-05 16:26:06.000","Scraping"
"1926046","Host Form Submission","2026-01-27 15:11:27.000","Marketing"
"1926046","SDR: Entered Backlog","2026-01-27 15:11:56.000","Marketing"
"1926049","SM: Entered Lead Pool","2026-01-30 08:52:34.000",
"1926049","SM: Intro Call Scheduled","2026-02-02 17:03:30.000",
"1926049","SM: Intro Call Conducted","2026-02-02 17:07:03.000",
"1926049","SM: Meeting Scheduled","2026-02-02 17:07:15.000",
"1926049","SM: Meeting Conducted","2026-02-02 17:07:27.000",
"1926049","SM: Contract Closed","2026-02-02 17:08:26.000",
"1926049","Onboarding started","2026-02-03 13:38:01.000",
"1926049","Property is Published","2026-02-04 15:54:37.532",
"1926049","First Booking","2026-02-05 00:00:00.000",
"1926049","Second Booking","2026-02-05 00:00:00.000",
"1926049","First Stay","2026-02-06 00:00:00.000",
"1926050","SM: Entered Lead Pool","2026-02-02 07:19:07.000",
"1926050","SM: Intro Call Scheduled","2026-02-02 12:33:16.000",
"1926050","SM: Intro Call Conducted","2026-02-02 12:33:33.000",
"1926050","SM: Meeting Scheduled","2026-02-02 12:34:18.000",
"1926050","SM: Meeting Conducted","2026-02-10 16:03:37.000",
"1926050","SM: Contract Closed","2026-03-02 11:07:34.000",
"1926050","Onboarding started","2026-03-02 09:56:03.000",
"1926050","Property is Published","2026-03-02 12:03:58.074",
"1926050","First Booking","2026-03-09 00:00:00.000",
"1926050","Second Booking","2026-03-29 00:00:00.000",
"1926053","Host Form Submission","2026-01-27 15:38:07.000","Marketing"
"1926053","SM: Entered Lead Pool","2026-01-27 15:39:09.000","Marketing"
"1926053","SM: Intro Call Scheduled","2026-01-30 18:08:59.000","Marketing"
"1926053","SM: Intro Call Conducted","2026-02-02 15:14:56.000","Marketing"
"1926055","Host Form Submission","2026-01-27 15:43:54.000","Marketing"
"1926055","SDR: Entered Backlog","2026-01-27 15:45:38.000","Marketing"
"1926055","SM: Entered Lead Pool","2026-01-27 15:58:26.000","Marketing"
"1926055","SM: Intro Call Scheduled","2026-01-28 11:49:16.000","Marketing"
"1926056","Host Form Submission","2026-01-27 15:46:16.000","Marketing"
"1926056","SDR: Entered Backlog","2026-01-29 15:47:24.000","Marketing"
"1926056","SDR: Call Conducted","2026-01-30 10:20:47.000","Marketing"
"1926057","SM: Entered Lead Pool","2026-01-27 15:46:41.000","Referral"
"1926057","SM: Intro Call Scheduled","2026-01-27 15:46:51.000","Referral"
"1926057","SM: Intro Call Conducted","2026-01-29 16:25:07.000","Referral"
"1926057","SM: Meeting Scheduled","2026-01-30 16:49:42.000","Referral"
"1926057","SM: Meeting Conducted","2026-01-30 16:52:42.000","Referral"
"1926057","SM: Contract Closed","2026-02-02 11:16:03.000","Referral"
"1926057","Onboarding started","2026-02-04 13:02:37.000","Referral"
"1926058","Host Form Submission","2026-01-27 15:48:51.000","Marketing"
"1926058","SDR: Entered Backlog","2026-01-27 15:50:03.000","Marketing"
"1926062","Host Form Submission","2026-01-27 15:53:16.000","Referral"
"1926062","SM: Entered Lead Pool","2026-01-27 15:56:16.000","Referral"
"1926062","SM: Intro Call Scheduled","2026-02-02 15:41:08.000","Referral"
"1926062","SM: Intro Call Conducted","2026-02-02 15:47:14.000","Referral"
"1926062","SM: Meeting Scheduled","2026-02-02 15:49:33.000","Referral"
"1926072","Host Form Submission","2026-01-27 16:09:39.000","Marketing"
"1926072","SDR: Entered Backlog","2026-01-29 16:10:09.000","Marketing"
"1926072","SDR: Call Conducted","2026-01-30 10:11:17.000","Marketing"
"1926074","Host Form Submission","2026-01-27 16:19:41.000","Marketing"
"1926076","Host Form Submission","2026-01-27 16:25:28.000","Referral"
"1926082","Host Form Submission","2026-01-27 16:32:39.000","Marketing"
"1926084","SDR: Entered Backlog","2026-01-27 16:32:53.000","M&A"
"1926084","SDR: Call Conducted","2026-01-30 11:12:55.000","M&A"
"1926084","SM: Entered Lead Pool","2026-01-31 17:08:33.000","M&A"
"1926084","SM: Intro Call Conducted","2026-01-31 17:56:05.000","M&A"
"1926100","Host Form Submission","2026-01-27 16:54:30.000","Referral"
"1926101","SM: Entered Lead Pool","2026-01-27 17:01:24.000","Referral"
"1926101","SM: Intro Call Scheduled","2026-01-27 17:01:22.000","Referral"
"1926101","SM: Intro Call Conducted","2026-01-27 17:03:56.000","Referral"
"1926101","SM: Meeting Scheduled","2026-01-27 17:04:06.000","Referral"
"1926101","SM: Meeting Conducted","2026-01-27 17:04:15.000","Referral"
"1926101","SM: Contract Closed","2026-01-30 13:21:36.000","Referral"
"1926101","Onboarding started","2026-02-02 14:05:06.000","Referral"
"1926101","Property is Published","2026-02-09 10:07:55.892","Referral"
"1926101","First Booking","2026-03-20 00:00:00.000","Referral"
"1926101","Second Booking","2026-03-27 00:00:00.000","Referral"
"1926102","Host Form Submission","2026-01-27 17:01:31.000","Marketing"
"1926102","SDR: Entered Backlog","2026-01-27 17:02:10.000","Marketing"
"1926106","Host Form Submission","2026-01-27 17:14:25.000","Marketing"
"1926106","SDR: Entered Backlog","2026-01-29 17:15:17.000","Marketing"
"1926106","SDR: Call Conducted","2026-01-30 09:57:22.000","Marketing"
"1926107","Host Form Submission","2026-01-27 17:21:19.000","Marketing"
"1926107","SDR: Entered Backlog","2026-01-29 17:22:22.000","Marketing"
"1926107","SDR: Call Conducted","2026-02-02 16:47:31.000","Marketing"
"1926109","Host Form Submission","2026-01-27 17:23:09.000","Marketing"
"1926109","SDR: Entered Backlog","2026-01-27 17:24:08.000","Marketing"
"1926115","Host Form Submission","2026-01-27 17:35:17.000","Marketing"
"1926120","Host Form Submission","2026-01-27 17:38:01.000","Marketing"
"1926120","SDR: Entered Backlog","2026-01-28 07:21:39.000","Marketing"
"1926120","SDR: Call Conducted","2026-01-28 15:21:47.000","Marketing"
"1926120","SM: Entered Lead Pool","2026-01-28 15:23:10.000","Marketing"
"1926120","SM: Intro Call Scheduled","2026-01-28 16:46:33.000","Marketing"
"1926120","SM: Intro Call Conducted","2026-01-28 16:53:20.000","Marketing"
"1926120","SM: Meeting Scheduled","2026-01-28 16:53:30.000","Marketing"
"1926120","SM: Meeting Conducted","2026-01-29 14:59:01.000","Marketing"
"1926125","SM: Entered Lead Pool","2026-01-27 17:41:58.000",
"1926125","SM: Intro Call Scheduled","2026-01-27 17:41:55.000",
"1926125","SM: Intro Call Conducted","2026-01-27 17:43:26.000",
"1926135","Host Form Submission","2026-01-27 17:52:06.000","Marketing"
"1926135","SDR: Entered Backlog","2026-01-27 17:53:08.000","Marketing"
"1926155","Host Form Submission","2026-01-27 18:14:47.000","Marketing"
"1926155","SDR: Entered Backlog","2026-03-30 09:53:41.000","Marketing"
"1926156","Host Form Submission","2026-01-27 18:22:22.000","Marketing"
"1926156","SDR: Entered Backlog","2026-01-29 18:23:31.000","Marketing"
"1926156","SDR: Call Conducted","2026-01-30 10:05:50.000","Marketing"
"1926159","Host Form Submission","2026-01-27 18:42:15.000","Marketing"
"1926159","SDR: Entered Backlog","2026-01-30 07:44:05.000","Marketing"
"1926159","SDR: Call Conducted","2026-01-30 10:08:53.000","Marketing"
"1926160","Host Form Submission","2026-01-27 18:46:50.000","Marketing"
"1926160","SDR: Entered Backlog","2026-01-27 18:47:42.000","Marketing"
"1926161","Host Form Submission","2026-01-27 19:04:10.000","Referral"
"1926161","SM: Entered Lead Pool","2026-01-27 19:07:34.000","Referral"
"1926161","SM: Intro Call Scheduled","2026-01-29 18:22:07.000","Referral"
"1926161","SM: Intro Call Conducted","2026-01-30 13:43:13.000","Referral"
"1926161","SM: Meeting Scheduled","2026-01-30 13:46:37.000","Referral"
"1926163","Host Form Submission","2026-01-27 19:10:03.000","Marketing"
"1926163","SDR: Entered Backlog","2026-01-30 07:52:34.000","Marketing"
"1926163","SDR: Call Conducted","2026-01-30 09:35:54.000","Marketing"
"1926165","Host Form Submission","2026-01-27 19:31:38.000","Marketing"
"1926165","SDR: Entered Backlog","2026-01-29 19:32:04.000","Marketing"
"1926165","SDR: Call Conducted","2026-01-30 09:34:35.000","Marketing"
"1926166","Host Form Submission","2026-01-27 19:34:52.000","Marketing"
"1926167","SM: Entered Lead Pool","2026-01-27 19:36:55.000","Referral"
"1926167","SM: Intro Call Scheduled","2026-01-27 19:36:53.000","Referral"
"1926167","SM: Intro Call Conducted","2026-01-27 21:58:07.000","Referral"
"1926167","SM: Meeting Scheduled","2026-01-27 21:58:25.000","Referral"
"1926167","SM: Meeting Conducted","2026-01-28 20:35:54.000","Referral"
"1926167","SM: Contract Closed","2026-01-30 16:33:14.000","Referral"
"1926167","Onboarding started","2026-01-30 16:03:56.000","Referral"
"1926167","Property is Published","2026-01-30 16:17:30.973","Referral"
"1926167","First Booking","2026-02-15 00:00:00.000","Referral"
"1926167","Second Booking","2026-03-21 00:00:00.000","Referral"
"1926167","First Stay","2026-02-27 00:00:00.000","Referral"
"1926168","Host Form Submission","2026-01-27 19:40:52.000","Referral"
"1926168","SM: Entered Lead Pool","2026-01-27 19:43:18.000","Referral"
"1926168","SM: Intro Call Scheduled","2026-02-11 16:36:43.000","Referral"
"1926169","Host Form Submission","2026-01-27 19:42:13.000","Marketing"
"1926169","SM: Entered Lead Pool","2026-01-27 19:42:53.000","Marketing"
"1926169","SM: Intro Call Scheduled","2026-01-28 13:27:12.000","Marketing"
"1926169","SM: Intro Call Conducted","2026-01-28 13:37:22.000","Marketing"
"1926170","Host Form Submission","2026-01-27 19:48:29.000","Marketing"
"1926171","Host Form Submission","2026-01-27 19:53:33.000","Marketing"
"1926171","SDR: Entered Backlog","2026-01-29 19:54:09.000","Marketing"
"1926171","SDR: Call Conducted","2026-01-30 10:03:34.000","Marketing"
"1926171","SM: Entered Lead Pool","2026-02-10 16:26:57.000","Marketing"
"1926171","SM: Intro Call Scheduled","2026-02-10 16:27:01.000","Marketing"
"1926171","SM: Intro Call Conducted","2026-02-10 16:28:27.000","Marketing"
"1926177","Host Form Submission","2026-01-27 20:10:40.000","Marketing"
"1926177","SDR: Entered Backlog","2026-01-29 20:11:51.000","Marketing"
"1926177","SDR: Call Conducted","2026-01-30 10:01:28.000","Marketing"
"1926178","Host Form Submission","2026-01-27 20:18:04.000","Marketing"
"1926178","SDR: Entered Backlog","2026-01-27 20:30:19.000","Marketing"
"1926178","SDR: Call Conducted","2026-01-28 09:32:20.000","Marketing"
"1926178","SM: Entered Lead Pool","2026-01-28 11:39:42.000","Marketing"
"1926178","SM: Intro Call Scheduled","2026-01-28 13:46:20.000","Marketing"
"1926178","SM: Intro Call Conducted","2026-02-06 16:16:58.000","Marketing"
"1926178","SM: Meeting Scheduled","2026-02-06 16:34:13.000","Marketing"
"1926179","Host Form Submission","2026-01-27 20:25:57.000","Marketing"
"1926180","Host Form Submission","2026-01-27 20:33:22.000","Marketing"
"1926181","Host Form Submission","2026-01-27 20:38:28.000","Marketing"
"1926182","Host Form Submission","2026-01-27 21:29:47.000","Marketing"
"1926182","SDR: Entered Backlog","2026-01-27 21:30:11.000","Marketing"
"1926182","SM: Entered Lead Pool","2026-01-28 13:34:00.000","Marketing"
"1926182","SM: Intro Call Scheduled","2026-01-30 17:14:30.000","Marketing"
"1926182","SM: Intro Call Conducted","2026-01-30 17:14:44.000","Marketing"
"1926182","SM: Meeting Scheduled","2026-01-30 17:16:08.000","Marketing"
"1926183","Host Form Submission","2026-01-27 21:35:00.000","Marketing"
"1926184","Host Form Submission","2026-01-27 21:57:38.000","Referral"
"1926184","SM: Entered Lead Pool","2026-01-27 22:00:56.000","Referral"
"1926186","Host Form Submission","2026-01-27 22:07:12.000","Marketing"
"1926186","SDR: Entered Backlog","2026-01-27 22:07:55.000","Marketing"
"1926187","Host Form Submission","2026-01-27 22:59:54.000","Marketing"
"1926187","SDR: Entered Backlog","2026-01-27 23:00:55.000","Marketing"
"1926187","SM: Entered Lead Pool","2026-02-03 09:00:23.000","Marketing"
"1926187","SM: Intro Call Scheduled","2026-02-20 14:58:43.000","Marketing"
"1926187","SM: Intro Call Conducted","2026-02-20 15:33:08.000","Marketing"
"1926187","SM: Meeting Scheduled","2026-02-20 15:33:36.000","Marketing"
"1926187","SM: Meeting Conducted","2026-02-20 15:35:51.000","Marketing"
"1926187","SM: Contract Closed","2026-02-26 15:09:29.000","Marketing"
"1926187","Onboarding started","2026-03-27 18:04:27.000","Marketing"
"1926187","Property is Published","2026-04-08 09:29:50.197","Marketing"
"1926187","First Booking","2026-04-15 00:00:00.000","Marketing"
